Index,SP500,BTC,
6/2/2016,6/2/2016,0.002820696,0.00195741
6/3/2016,6/3/2016,-0.002916062,0.056414786
6/6/2016,6/6/2016,0.004885329,0.028308081
6/7/2016,6/7/2016,0.001288616,-0.015385797
6/8/2016,6/8/2016,0.003304102,0.008716774
6/9/2016,6/9/2016,-0.001719236,-0.012133966
6/10/2016,6/10/2016,-0.009217532,0.004930078
6/13/2016,6/13/2016,-0.008148299,0.198655829
6/14/2016,6/14/2016,-0.001800505,-0.027077677
6/15/2016,6/15/2016,-0.001842409,0.012912922
6/16/2016,6/16/2016,0.003128093,0.09843664
6/17/2016,6/17/2016,-0.003263284,-0.02296668
6/20/2016,6/20/2016,0.005791383,-0.015722965
6/21/2016,6/21/2016,0.002708391,-0.100626375
6/22/2016,6/22/2016,-0.001652929,-0.111832811
6/23/2016,6/23/2016,0.013275567,0.045678167
6/24/2016,6/24/2016,-0.036580793,0.064123088
6/27/2016,6/27/2016,-0.018262247,-0.015181548
6/28/2016,6/28/2016,0.017614122,-0.012707228
6/29/2016,6/29/2016,0.016889243,-0.011051494
6/30/2016,6/30/2016,0.013473863,0.050949601
7/1/2016,7/1/2016,0.001946706,0.00438497
7/5/2016,7/5/2016,-0.006871029,-0.008417764
7/6/2016,7/6/2016,0.005338687,0.009946949
7/7/2016,7/7/2016,-0.000871958,-0.055814131
7/8/2016,7/8/2016,0.015138187,0.039728729
7/11/2016,7/11/2016,0.003402819,-0.028710345
7/12/2016,7/12/2016,0.006984842,0.025747345
7/13/2016,7/13/2016,0.000134759,-0.015288944
7/14/2016,7/14/2016,0.005245423,0.005500751
7/15/2016,7/15/2016,-0.000929379,0.007836069
7/18/2016,7/18/2016,0.002379462,0.014743309
7/19/2016,7/19/2016,-0.001436205,-0.000359598
7/20/2016,7/20/2016,0.004261208,-0.010726667
7/21/2016,7/21/2016,-0.00361907,-0.00101146
7/22/2016,7/22/2016,0.004543627,-0.021880876
7/25/2016,7/25/2016,-0.003016019,0.005331389
7/26/2016,7/26/2016,0.000322732,-0.003542422
7/27/2016,7/27/2016,-0.001199261,0.003932204
7/28/2016,7/28/2016,0.00160492,0.001043211
7/29/2016,7/29/2016,0.00162998,0.00298322
8/1/2016,8/1/2016,-0.001270594,-0.080343163
8/2/2016,8/2/2016,-0.006381941,-0.102030103
8/3/2016,8/3/2016,0.003129043,0.033922474
8/4/2016,8/4/2016,0.000212549,0.020852691
8/5/2016,8/5/2016,0.008566697,-0.005628874
8/8/2016,8/8/2016,-0.000907577,0.027462539
8/9/2016,8/9/2016,0.000389718,-0.005518913
8/10/2016,8/10/2016,-0.002868797,0.007292154
8/11/2016,8/11/2016,0.004723415,-0.005050763
8/12/2016,8/12/2016,-0.000796363,-0.002653188
8/15/2016,8/15/2016,0.002789016,-0.035194225
8/16/2016,8/16/2016,-0.005494142,0.017820377
8/17/2016,8/17/2016,0.001866846,-0.007340239
8/18/2016,8/18/2016,0.002197202,0.001920623
8/19/2016,8/19/2016,-0.00144131,0.002281864
8/22/2016,8/22/2016,-0.000563482,0.01913883
8/23/2016,8/23/2016,0.001949867,-0.005705201
8/24/2016,8/24/2016,-0.005254055,-0.005556872
8/25/2016,8/25/2016,-0.00136616,-0.004181595
8/26/2016,8/26/2016,-0.001580064,0.003265935
8/29/2016,8/29/2016,0.005214428,-0.009610419
8/30/2016,8/30/2016,-0.001955591,0.00589784
8/31/2016,8/31/2016,-0.002378691,-0.003523074
9/1/2016,9/1/2016,-4.14E-05,-0.005522013
9/2/2016,9/2/2016,0.004192242,0.005634962
9/6/2016,9/6/2016,0.002977242,0.058869918
9/7/2016,9/7/2016,-0.000146396,0.006707126
9/8/2016,9/8/2016,-0.002225488,0.018974463
9/9/2016,9/9/2016,-0.024827742,-0.005531586
9/12/2016,9/12/2016,0.014570387,-0.023748975
9/13/2016,9/13/2016,-0.014941748,0.001639524
9/14/2016,9/14/2016,-0.000587849,0.002365709
9/15/2016,9/15/2016,0.010058516,-0.005795514
9/16/2016,9/16/2016,-0.003779428,-0.000299815
9/19/2016,9/19/2016,-1.86E-05,0.003706578
9/20/2016,9/20/2016,0.000299093,-0.001502996
9/21/2016,9/21/2016,0.010858,-0.018521286
9/22/2016,9/22/2016,0.006478752,-0.001426144
9/23/2016,9/23/2016,-0.005753293,0.010914608
9/26/2016,9/26/2016,-0.00862485,0.008590546
9/27/2016,9/27/2016,0.006423495,-0.00309175
9/28/2016,9/28/2016,0.005282577,-0.002375086
9/29/2016,9/29/2016,-0.009365128,0.00159443
9/30/2016,9/30/2016,0.007936393,0.006651167
10/3/2016,10/3/2016,-0.003266023,0.003925159
10/4/2016,10/4/2016,-0.004967882,-0.003156278
10/5/2016,10/5/2016,0.004287486,0.003773585
10/6/2016,10/6/2016,0.000481444,0.000832308
10/7/2016,10/7/2016,-0.003258787,0.006665882
10/10/2016,10/10/2016,0.00459533,0.003030541
10/11/2016,10/11/2016,-0.012524578,0.035046199
10/12/2016,10/12/2016,0.001145932,-0.007641378
10/13/2016,10/13/2016,-0.003104076,0.000933236
10/14/2016,10/14/2016,0.000201584,0.005624946
10/17/2016,10/17/2016,-0.003042618,-0.00185218
10/18/2016,10/18/2016,0.006141506,-0.001930813
10/19/2016,10/19/2016,0.002189572,-0.011730713
10/20/2016,10/20/2016,-0.001376671,0.000534297
10/21/2016,10/21/2016,-8.41E-05,0.003119464
10/24/2016,10/24/2016,0.004738595,0.032543152
10/25/2016,10/25/2016,-0.003804957,0.005836794
10/26/2016,10/26/2016,-0.001741928,0.031016974
10/27/2016,10/27/2016,-0.002991196,0.014648071
10/28/2016,10/28/2016,-0.00311314,0.001942015
10/31/2016,10/31/2016,-0.000122284,0.016282248
11/1/2016,11/1/2016,-0.006810019,0.040293051
11/2/2016,11/2/2016,-0.006546884,0.015008829
11/3/2016,11/3/2016,-0.004433213,-0.072964021
11/4/2016,11/4/2016,-0.00166752,0.020885316
11/7/2016,11/7/2016,0.0219802,-0.000147904
11/8/2016,11/8/2016,0.003764878,0.009507702
11/9/2016,11/9/2016,0.01101612,0.018735864
11/10/2016,11/10/2016,0.001948846,-0.010757646
11/11/2016,11/11/2016,-0.001398928,0.001224927
11/14/2016,11/14/2016,-0.000115509,-0.016026456
11/15/2016,11/15/2016,0.007452955,0.009315098
11/16/2016,11/16/2016,-0.001583517,0.044764444
11/17/2016,11/17/2016,0.004665469,-0.004337554
11/18/2016,11/18/2016,-0.002389651,0.014214767
11/21/2016,11/21/2016,0.007433702,-0.016550905
11/22/2016,11/22/2016,0.002163091,0.016234141
11/23/2016,11/23/2016,0.000807698,-0.00902848
11/25/2016,11/25/2016,0.003906746,-0.003963028
11/28/2016,11/28/2016,-0.005268389,-0.007900073
11/29/2016,11/29/2016,0.001334402,-0.000284059
11/30/2016,11/30/2016,-0.002656931,0.013619341
12/1/2016,12/1/2016,-0.003521723,0.014753367
12/2/2016,12/2/2016,0.000396928,0.027589859
12/5/2016,12/5/2016,0.005804427,-0.025048045
12/6/2016,12/6/2016,0.003405084,0.00725448
12/7/2016,12/7/2016,0.013077359,0.00510068
12/8/2016,12/8/2016,0.002157015,0.003480289
12/9/2016,12/9/2016,0.005921419,0.00257062
12/12/2016,12/12/2016,-0.001138082,0.009392893
12/13/2016,12/13/2016,0.006518483,0.000601105
12/14/2016,12/14/2016,-0.008150295,0.001184335
12/15/2016,12/15/2016,0.003875708,-0.004351216
12/16/2016,12/16/2016,-0.001752157,0.008725572
12/19/2016,12/19/2016,0.001973173,0.00989727
12/20/2016,12/20/2016,0.003630912,0.010243612
12/21/2016,12/21/2016,-0.002460386,0.040864184
12/22/2016,12/22/2016,-0.001864711,0.035627265
12/23/2016,12/23/2016,0.001250933,0.064330331
12/27/2016,12/27/2016,0.002245849,0.012089516
12/28/2016,12/28/2016,-0.008391641,0.044764267
12/29/2016,12/29/2016,-0.000293348,-0.002486909
12/30/2016,12/30/2016,-0.004647835,-0.012672741
1/3/2017,1/3/2017,0.008450767,0.082439455
1/4/2017,1/4/2017,0.005705964,0.100960345
1/5/2017,1/5/2017,-0.000770968,-0.13057525
1/6/2017,1/6/2017,0.003510789,-0.116209241
1/9/2017,1/9/2017,-0.003554905,0.000694741
1/10/2017,1/10/2017,0,0.005358747
1/11/2017,1/11/2017,0.002825642,-0.154476649
1/12/2017,1/12/2017,-0.002147112,0.034221865
1/13/2017,1/13/2017,0.001848131,0.023515097
1/17/2017,1/17/2017,-0.002971914,0.097024959
1/18/2017,1/18/2017,0.0017622,-0.023761879
1/19/2017,1/19/2017,-0.003615838,0.013950027
1/20/2017,1/20/2017,0.003360584,-0.004511461
1/23/2017,1/23/2017,-0.00269375,0.028620322
1/24/2017,1/24/2017,0.006543141,-0.031237063
1/25/2017,1/25/2017,0.007994053,0.009870593
1/26/2017,1/26/2017,-0.000735655,0.017639685
1/27/2017,1/27/2017,-0.000866839,0.002355587
1/30/2017,1/30/2017,-0.006027673,0.000686928
1/31/2017,1/31/2017,-0.000890302,0.052922643
2/1/2017,2/1/2017,0.000298319,0.019006133
2/2/2017,2/2/2017,0.000570147,0.022768592
2/3/2017,2/3/2017,0.007238497,0.017740542
2/6/2017,2/6/2017,-0.002117598,0.007968854
2/7/2017,2/7/2017,0.000226803,0.022101353
2/8/2017,2/8/2017,0.000693082,0.001619238
2/9/2017,2/9/2017,0.005736064,-0.066793737
2/10/2017,2/10/2017,0.003559707,-0.005757777
2/13/2017,2/13/2017,0.005232134,0.001988584
2/14/2017,2/14/2017,0.003999327,0.0139417
2/15/2017,2/15/2017,0.004979889,0.002912476
2/16/2017,2/16/2017,-0.000864492,0.01961807
2/17/2017,2/17/2017,0.001677149,0.018103858
2/21/2017,2/21/2017,0.00602985,0.063949398
2/22/2017,2/22/2017,-0.001082786,0.001916832
2/23/2017,2/23/2017,0.000418899,0.043156066
2/24/2017,2/24/2017,0.00149225,0.00594779
2/27/2017,2/27/2017,0.001017465,0.005344832
2/28/2017,2/28/2017,-0.002581706,0
3/1/2017,3/1/2017,0.013581211,0.035408953
3/2/2017,3/2/2017,-0.005877117,0.02305329
3/3/2017,3/3/2017,0.00050375,0.018987095
3/6/2017,3/6/2017,-0.003282623,-0.001695594
3/7/2017,3/7/2017,-0.002917626,-0.039494405
3/8/2017,3/8/2017,-0.002286828,-0.061986386
3/9/2017,3/9/2017,0.000799576,0.032921643
3/10/2017,3/10/2017,0.00326334,-0.062287795
3/13/2017,3/13/2017,0.000366566,0.098178173
3/14/2017,3/14/2017,-0.003384749,0.006537416
3/15/2017,3/15/2017,0.008339879,0.007720111
3/16/2017,3/16/2017,-0.001628035,-0.050720166
3/17/2017,3/17/2017,-0.001315179,-0.076592094
3/20/2017,3/20/2017,-0.002011916,-0.042708607
3/21/2017,3/21/2017,-0.012485595,0.061000123
3/22/2017,3/22/2017,0.001888103,-0.065839952
3/23/2017,3/23/2017,-0.001060832,-0.010106804
3/24/2017,3/24/2017,-0.000844352,-0.102381158
3/27/2017,3/27/2017,-0.001020108,0.109270642
3/28/2017,3/28/2017,0.007225309,0.001318737
3/29/2017,3/29/2017,0.001084736,-0.006880373
3/30/2017,3/30/2017,0.002930811,-0.013105024
3/31/2017,3/31/2017,-0.002257594,0.04324337
4/3/2017,4/3/2017,-0.001643475,0.065034662
4/4/2017,4/4/2017,0.000559366,-0.009275236
4/5/2017,4/5/2017,-0.003059537,-0.007502124
4/6/2017,4/6/2017,0.00192765,0.050195608
4/7/2017,4/7/2017,-0.000827472,-0.004899211
4/10/2017,4/10/2017,0.00068745,0.00865475
4/11/2017,4/11/2017,-0.001434908,0.01494924
4/12/2017,4/12/2017,-0.003767037,-0.003858035
4/13/2017,4/13/2017,-0.00683802,-0.026241639
4/17/2017,4/17/2017,0.008576466,0.020845464
4/18/2017,4/18/2017,-0.002907603,0.014765946
4/19/2017,4/19/2017,-0.001717825,-0.001139577
4/20/2017,4/20/2017,0.00752885,0.015405854
4/21/2017,4/21/2017,-0.003039688,-0.00573607
4/24/2017,4/24/2017,0.010781737,0.022733747
4/25/2017,4/25/2017,0.006072214,0.012195828
4/26/2017,4/26/2017,-0.000485821,0.012244047
4/27/2017,4/27/2017,0.000552767,0.028207107
4/28/2017,4/28/2017,-0.001914979,-0.000949051
5/1/2017,5/1/2017,0.001730792,0.076821487
5/2/2017,5/2/2017,0.001188344,0.021723478
5/3/2017,5/3/2017,-0.001272169,0.02533004
5/4/2017,5/4/2017,0.000581933,0.031431814
5/5/2017,5/5/2017,0.004080359,0.011496549
5/8/2017,5/8/2017,3.74E-05,0.102505195
5/9/2017,5/9/2017,-0.001025775,0.018403899
5/10/2017,5/10/2017,0.001129963,0.017937028
5/11/2017,5/11/2017,-0.002165151,0.033801354
5/12/2017,5/12/2017,-0.001479535,-0.06962597
5/15/2017,5/15/2017,0.004765142,0.00819607
5/16/2017,5/16/2017,-0.000687133,-0.002292106
5/17/2017,5/17/2017,-0.018345468,0.058580533
5/18/2017,5/18/2017,0.003680039,0.026591436
5/19/2017,5/19/2017,0.006744703,0.051120902
5/22/2017,5/22/2017,0.005146863,0.089309514
5/23/2017,5/23/2017,0.001836185,0.065455453
5/24/2017,5/24/2017,0.002486034,0.051740517
5/25/2017,5/25/2017,0.004432112,-0.058416696
5/26/2017,5/26/2017,0.000310502,-0.045515271
5/30/2017,5/30/2017,-0.001205351,-0.012312001
5/31/2017,5/31/2017,-0.000460075,0.049738144
6/1/2017,6/1/2017,0.007542596,0.05176378
6/2/2017,6/2/2017,0.003700875,0.032953588
6/5/2017,6/5/2017,-0.001218407,0.076654407
6/6/2017,6/6/2017,-0.002782909,0.063585225
6/7/2017,6/7/2017,0.001567029,-0.04684739
6/8/2017,6/8/2017,0.000267169,0.026532117
6/9/2017,6/9/2017,-0.000830334,0.006462467
6/12/2017,6/12/2017,-0.000979242,-0.059900086
6/13/2017,6/13/2017,0.004501359,0.021348727
6/14/2017,6/14/2017,-0.000996327,-0.080700161
6/15/2017,6/15/2017,-0.00224211,-0.016814099
6/16/2017,6/16/2017,0.000283599,0.021665894
6/19/2017,6/19/2017,0.008312583,0.027816128
6/20/2017,6/20/2017,-0.00671916,0.049786305
6/21/2017,6/21/2017,-0.000582814,-0.012083165
6/22/2017,6/22/2017,-0.000455886,0.006046838
6/23/2017,6/23/2017,0.001559699,0.014494816
6/26/2017,6/26/2017,0.000315752,-0.10211491
6/27/2017,6/27/2017,-0.008105587,0.029420318
6/28/2017,6/28/2017,0.008769502,0.008714329
6/29/2017,6/29/2017,-0.008637217,-0.013871637
6/30/2017,6/30/2017,0.001532058,-0.023299108
7/3/2017,7/3/2017,0.002308168,0.032994715
7/5/2017,7/5/2017,0.001452224,0.014684571
7/6/2017,7/6/2017,-0.009412987,0.002521834
7/7/2017,7/7/2017,0.006382713,-0.035071388
7/10/2017,7/10/2017,0.000927336,-0.059757414
7/11/2017,7/11/2017,-0.000782987,-0.01476351
7/12/2017,7/12/2017,0.007279051,0.025779268
7/13/2017,7/13/2017,0.001872829,-0.017213973
7/14/2017,7/14/2017,0.004662616,-0.054273089
7/17/2017,7/17/2017,-5.29E-05,-0.002209975
7/18/2017,7/18/2017,0.000597679,0.039795973
7/19/2017,7/19/2017,0.005358258,-0.019794586
7/20/2017,7/20/2017,-0.000153671,0.214595819
7/21/2017,7/21/2017,-0.000367939,-0.054646321
7/24/2017,7/24/2017,-0.001064301,0.032127491
7/25/2017,7/25/2017,0.002918908,-0.066942545
7/26/2017,7/26/2017,0.000282624,-0.01842225
7/27/2017,7/27/2017,-0.000973162,0.054743059
7/28/2017,7/28/2017,-0.001342016,0.050087184
7/31/2017,7/31/2017,-0.000728411,0.023338847
8/1/2017,8/1/2017,0.002446121,-0.056178985
8/2/2017,8/2/2017,0.000492527,-0.002796165
8/3/2017,8/3/2017,-0.002186042,0.034111463
8/4/2017,8/4/2017,0.001887321,0.031985183
8/7/2017,8/7/2017,0.001645845,0.15426958
8/8/2017,8/8/2017,-0.002417352,0.012060956
8/9/2017,8/9/2017,-0.000363675,-0.022912944
8/10/2017,8/10/2017,-0.014580218,0.011544299
8/11/2017,8/11/2017,0.001274757,0.076642704
8/14/2017,8/14/2017,0.009993651,0.169545122
8/15/2017,8/15/2017,-0.000498932,-0.033669266
8/16/2017,8/16/2017,0.001419096,0.045506091
8/17/2017,8/17/2017,-0.015557342,-0.010321243
8/18/2017,8/18/2017,-0.001837054,-0.040293623
8/21/2017,8/21/2017,0.001161976,-0.038934866
8/22/2017,8/22/2017,0.009891695,0.024384536
8/23/2017,8/23/2017,-0.00345957,0.012360737
8/24/2017,8/24/2017,-0.002076617,0.043173293
8/25/2017,8/25/2017,0.001671472,0.008481267
8/28/2017,8/28/2017,0.000486953,0.002526784
8/29/2017,8/29/2017,0.000842467,0.043829124
8/30/2017,8/30/2017,0.004604532,-0.003000819
8/31/2017,8/31/2017,0.005704674,0.029799368
9/1/2017,9/1/2017,0.001980578,0.03931966
9/5/2017,9/5/2017,-0.007579459,-0.11134709
9/6/2017,9/6/2017,0.003123842,0.049173922
9/7/2017,9/7/2017,-0.000178452,0.000600145
9/8/2017,9/8/2017,-0.00148996,-0.08412375
9/11/2017,9/11/2017,0.010780975,-0.01608612
9/12/2017,9/12/2017,0.003358303,-0.007346793
9/13/2017,9/13/2017,0.000756834,-0.061971048
9/14/2017,9/14/2017,-0.001101324,-0.207529847
9/15/2017,9/15/2017,0.001845478,0.142329504
9/18/2017,9/18/2017,0.001454862,0.111160794
9/19/2017,9/19/2017,0.00110958,-0.03510423
9/20/2017,9/20/2017,0.000634147,-0.004857681
9/21/2017,9/21/2017,-0.003050566,-0.0729819
9/22/2017,9/22/2017,0.000647584,-9.37E-05
9/25/2017,9/25/2017,-0.002224523,0.078213489
9/26/2017,9/26/2017,7.22E-05,-0.00862583
9/27/2017,9/27/2017,0.004076822,0.076230904
9/28/2017,9/28/2017,0.001203891,-0.006194337
9/29/2017,9/29/2017,0.003698263,-0.00279694
10/2/2017,10/2/2017,0.003866519,0.057467702
10/3/2017,10/3/2017,0.002156511,-0.021048548
10/4/2017,10/4/2017,0.001245944,-0.020621245
10/5/2017,10/5/2017,0.005630904,0.023149656
10/6/2017,10/6/2017,-0.001074211,0.009748055
10/9/2017,10/9/2017,-0.001806064,0.087821339
10/10/2017,10/10/2017,0.00231972,0.002087127
10/11/2017,10/11/2017,0.001801883,0.009260593
10/12/2017,10/12/2017,-0.001688177,0.120931085
10/13/2017,10/13/2017,0.000877722,0.036113107
10/16/2017,10/16/2017,0.001749223,0.013783963
10/17/2017,10/17/2017,0.000672353,-0.021195573
10/18/2017,10/18/2017,0.00074206,-0.002647297
10/19/2017,10/19/2017,0.000327944,0.020857095
10/20/2017,10/20/2017,0.005103796,0.051706217
10/23/2017,10/23/2017,-0.003980395,-0.013587872
10/24/2017,10/24/2017,0.001616601,-0.070498084
10/25/2017,10/25/2017,-0.004673956,0.039758881
10/26/2017,10/26/2017,0.001270139,0.026431732
10/27/2017,10/27/2017,0.00804061,-0.02121131
10/30/2017,10/30/2017,-0.003197577,0.058721808
10/31/2017,10/31/2017,0.000944013,0.053647596
11/1/2017,11/1/2017,0.001590844,0.045174908
11/2/2017,11/2/2017,0.000189948,0.044958345
11/3/2017,11/3/2017,0.003092289,0.01809617
11/6/2017,11/6/2017,0.001270444,-0.026001921
11/7/2017,11/7/2017,-0.000189121,0.017169747
11/8/2017,11/8/2017,0.001442614,0.043187833
11/9/2017,11/9/2017,-0.003768981,-0.043299788
11/10/2017,11/10/2017,-0.000898047,-0.076399678
11/13/2017,11/13/2017,0.000983151,-0.008901493
11/14/2017,11/14/2017,-0.002312281,0.011558807
11/15/2017,11/15/2017,-0.005540999,0.09752916
11/16/2017,11/16/2017,0.008162653,0.073271913
11/17/2017,11/17/2017,-0.002629417,-0.020885561
11/20/2017,11/20/2017,0.00127487,0.061824946
11/21/2017,11/21/2017,0.006519839,-0.015902582
11/22/2017,11/22/2017,-0.000750543,0.022333812
11/24/2017,11/24/2017,0.002053984,1.70E-05
11/27/2017,11/27/2017,-0.000384332,0.173592619
11/28/2017,11/28/2017,0.009800332,0.02419481
11/29/2017,11/29/2017,-0.000369294,-0.017064229
11/30/2017,11/30/2017,0.008157587,0.034292761
12/1/2017,12/1/2017,-0.002026583,0.069998206
12/4/2017,12/4/2017,-0.001052711,0.06024944
12/5/2017,12/5/2017,-0.003746391,0.022016762
12/6/2017,12/6/2017,-0.000114112,0.181724161
12/7/2017,12/7/2017,0.002928067,0.225118954
12/8/2017,12/8/2017,0.005491202,-0.077226265
12/11/2017,12/11/2017,0.003196842,0.021931171
12/12/2017,12/12/2017,0.001547724,0.027866079
12/13/2017,12/13/2017,-0.000473069,-0.059573732
12/14/2017,12/14/2017,-0.004079168,0.009450503
12/15/2017,12/15/2017,0.008934313,0.066722751
12/18/2017,12/18/2017,0.005348479,0.076477057
12/19/2017,12/19/2017,-0.003235498,-0.072542906
12/20/2017,12/20/2017,-0.000828236,-0.067005065
12/21/2017,12/21/2017,0.001983687,-0.05069001
12/22/2017,12/22/2017,-0.000458272,-0.133223217
12/26/2017,12/26/2017,-0.001058976,0.151836562
12/27/2017,12/27/2017,0.000790628,-0.016363152
12/28/2017,12/28/2017,0.001832319,-0.08097705
12/29/2017,12/29/2017,-0.005196632,0.003396832
1/2/2018,1/2/2018,0.008269078,0.021992662
1/3/2018,1/3/2018,0.006378433,0.014505086
1/4/2018,1/4/2018,0.004020543,0.025858428
1/5/2018,1/5/2018,0.007009146,0.11094453
1/8/2018,1/8/2018,0.001660964,-0.138837813
1/9/2018,1/9/2018,0.001302084,-0.038619922
1/10/2018,1/10/2018,-0.001112846,0.025562165
1/11/2018,1/11/2018,0.007009026,-0.110581167
1/12/2018,1/12/2018,0.006726926,0.041983192
1/16/2018,1/16/2018,-0.003530713,-0.196150019
1/17/2018,1/17/2018,0.009371006,-0.026625239
1/18/2018,1/18/2018,-0.001617697,0.025266707
1/19/2018,1/19/2018,0.004375648,0.011480784
1/22/2018,1/22/2018,0.008034364,-0.060003442
1/23/2018,1/23/2018,0.002172005,-0.005779885
1/24/2018,1/24/2018,-0.000560133,0.044186097
1/25/2018,1/25/2018,0.000602439,-0.008842259
1/26/2018,1/26/2018,0.011771638,-0.007846394
1/29/2018,1/29/2018,-0.006754736,0.01112715
1/30/2018,1/30/2018,-0.010958643,-0.111325153
1/31/2018,1/31/2018,0.000488866,0.0112952
2/1/2018,2/1/2018,-0.000648298,-0.108457996
2/2/2018,2/2/2018,-0.021436681,-0.037756228
2/5/2018,2/5/2018,-0.041842541,-0.2387403
2/6/2018,2/6/2018,0.017290573,0.108709191
2/7/2018,2/7/2018,-0.005014138,-0.017261906
2/8/2018,2/8/2018,-0.038259052,0.081154162
2/9/2018,2/9/2018,0.014825645,0.055463551
2/12/2018,2/12/2018,0.013818666,0.021467612
2/13/2018,2/13/2018,0.002609522,-0.037466635
2/14/2018,2/14/2018,0.01331344,0.099160741
2/15/2018,2/15/2018,0.011996862,0.06836184
2/16/2018,2/16/2018,0.0003734,0.006617574
2/20/2018,2/20/2018,-0.005858517,0.108232104
2/21/2018,2/21/2018,-0.005511664,-0.064591702
2/22/2018,2/22/2018,0.000973077,-0.066261211
2/23/2018,2/23/2018,0.015901278,0.02916568
2/26/2018,2/26/2018,0.011688439,0.006348117
2/27/2018,2/27/2018,-0.012788311,0.034034606
2/28/2018,2/28/2018,-0.011157806,-0.031029471
3/1/2018,3/1/2018,-0.013413966,0.051826876
3/2/2018,3/2/2018,0.005058785,0.012288391
3/5/2018,3/5/2018,0.010971618,0.042981537
3/6/2018,3/6/2018,0.002635383,-0.071017379
3/7/2018,3/7/2018,-0.000483992,-0.078547142
3/8/2018,3/8/2018,0.004453148,-0.058957511
3/9/2018,3/9/2018,0.017229547,-0.006134788
3/12/2018,3/12/2018,-0.001274797,-0.014284021
3/13/2018,3/13/2018,-0.00638391,-0.001116361
3/14/2018,3/14/2018,-0.00574097,-0.10603202
3/15/2018,3/15/2018,-0.000782236,0.003747684
3/16/2018,3/16/2018,0.001701998,0.004506142
3/19/2018,3/19/2018,-0.014306041,0.034454558
3/20/2018,3/20/2018,0.001480709,0.032243719
3/21/2018,3/21/2018,-0.001845692,0.00177221
3/22/2018,3/22/2018,-0.025484887,-0.02274573
3/23/2018,3/23/2018,-0.021189807,0.017168711
3/26/2018,3/26/2018,0.026795041,-0.07847889
3/27/2018,3/27/2018,-0.017427286,-0.046929197
3/28/2018,3/28/2018,-0.002920919,0.0153846
3/29/2018,3/29/2018,0.013675777,-0.104429509
4/2/2018,4/2/2018,-0.022590682,-0.011495322
4/3/2018,4/3/2018,0.012535961,0.051223353
4/4/2018,4/4/2018,0.011500102,-0.084224756
4/5/2018,4/5/2018,0.006839421,-0.006201069
4/6/2018,4/6/2018,-0.022164067,-0.026050421
4/9/2018,4/9/2018,0.003330995,0.02005134
4/10/2018,4/10/2018,0.016588599,0.009412415
4/11/2018,4/11/2018,-0.005540686,0.019352816
4/12/2018,4/12/2018,0.008216899,0.124126936
4/13/2018,4/13/2018,-0.0028908,0.000850158
4/16/2018,4/16/2018,0.008076337,0.020397289
4/17/2018,4/17/2018,0.010605072,-0.019621259
4/18/2018,4/18/2018,0.00083102,0.032535928
4/19/2018,4/19/2018,-0.005742582,0.015906496
4/20/2018,4/20/2018,-0.008573177,0.064376485
4/23/2018,4/23/2018,5.62E-05,0.009568751
4/24/2018,4/24/2018,-0.013470888,0.082353199
4/25/2018,4/25/2018,0.001835374,-0.091932107
4/26/2018,4/26/2018,0.010380144,0.04808821
4/27/2018,4/27/2018,0.001113005,-0.032239593
4/30/2018,4/30/2018,-0.008221193,0.027816756
5/1/2018,5/1/2018,0.002545802,-0.013240167
5/2/2018,5/2/2018,-0.007231951,0.012739001
5/3/2018,5/3/2018,-0.002256218,0.053537158
5/4/2018,5/4/2018,0.01272981,-0.00443317
5/7/2018,5/7/2018,0.003451981,-0.034369951
5/8/2018,5/8/2018,-0.000265677,-0.014853101
5/9/2018,5/9/2018,0.009635648,0.009737079
5/10/2018,5/10/2018,0.009327012,-0.030623267
5/11/2018,5/11/2018,0.001706139,-0.068936107
5/14/2018,5/14/2018,0.0008831,0.032092194
5/15/2018,5/15/2018,-0.006865655,-0.023964474
5/16/2018,5/16/2018,0.00405234,-0.016772482
5/17/2018,5/17/2018,-0.000856239,-0.03335154
5/18/2018,5/18/2018,-0.002635665,0.019168177
5/21/2018,5/21/2018,0.007359605,0.02015916
5/22/2018,5/22/2018,-0.003140689,-0.045839471
5/23/2018,5/23/2018,0.003243145,-0.062067659
5/24/2018,5/24/2018,-0.002025263,0.003898283
5/25/2018,5/25/2018,-0.002360003,-0.014229522
5/29/2018,5/29/2018,-0.011631573,-0.001009888
5/30/2018,5/30/2018,0.012615875,-0.008880942
5/31/2018,5/31/2018,-0.006903333,0.011764678
6/1/2018,6/1/2018,0.0107908,0.006289123
6/4/2018,6/4/2018,0.004469595,-0.003583973
6/5/2018,6/5/2018,0.000702346,0.015749961
6/6/2018,6/6/2018,0.008530901,0.002645287
6/7/2018,6/7/2018,-0.000714444,0.003164613
6/8/2018,6/8/2018,0.003121029,-0.006968564
6/11/2018,6/11/2018,0.001068137,-0.098898024
6/12/2018,6/12/2018,0.001741867,-0.048130473
6/13/2018,6/13/2018,-0.004034255,-0.035954274
6/14/2018,6/14/2018,0.002468501,0.049982603
6/15/2018,6/15/2018,-0.00101762,-0.033321874
6/18/2018,6/18/2018,-0.002128391,0.042191279
6/19/2018,6/19/2018,-0.004031518,0.005201158
6/20/2018,6/20/2018,0.00171069,0.000975878
6/21/2018,6/21/2018,-0.006365729,-0.006931549
6/22/2018,6/22/2018,0.001860203,-0.100925135
6/25/2018,6/25/2018,-0.013819723,0.026838873
6/26/2018,6/26/2018,0.002202151,-0.025199769
6/27/2018,6/27/2018,-0.008641586,0.010360226
6/28/2018,6/28/2018,0.00615968,-0.042075519
6/29/2018,6/29/2018,0.000758116,0.051961304
7/2/2018,7/2/2018,0.003063261,0.06171933
7/3/2018,7/3/2018,-0.004959629,-0.012871726
7/5/2018,7/5/2018,0.008583857,0.016638327
7/6/2018,7/6/2018,0.008445518,0.005162002
7/9/2018,7/9/2018,0.008784291,0.010175075
7/10/2018,7/10/2018,0.003467249,-0.063027167
7/11/2018,7/11/2018,-0.007119486,0.010178712
7/12/2018,7/12/2018,0.008710992,-0.026285767
7/13/2018,7/13/2018,0.001078656,0.00148229
7/16/2018,7/16/2018,-0.001028665,0.077651933
7/17/2018,7/17/2018,0.003965824,0.082432865
7/18/2018,7/18/2018,0.002158182,0.006771106
7/19/2018,7/19/2018,-0.003960827,0.012951038
7/20/2018,7/20/2018,-0.000948898,-0.0152125
7/23/2018,7/23/2018,0.001836362,0.047400084
7/24/2018,7/24/2018,0.004769519,0.088454642
7/25/2018,7/25/2018,0.009060435,-0.02925469
7/26/2018,7/26/2018,-0.003036903,-0.028491419
7/27/2018,7/27/2018,-0.006583835,0.026487262
7/30/2018,7/30/2018,-0.005770789,0.001892904
7/31/2018,7/31/2018,0.004872837,-0.050137942
8/1/2018,8/1/2018,-0.001040893,-0.020192345
8/2/2018,8/2/2018,0.00491435,-0.007604042
8/3/2018,8/3/2018,0.004633432,-0.017699947
8/6/2018,8/6/2018,0.003531983,-0.06711596
8/7/2018,8/7/2018,0.002820202,-0.028995953
8/8/2018,8/8/2018,-0.000262414,-0.068534824
8/9/2018,8/9/2018,-0.001442715,0.040774573
8/10/2018,8/10/2018,-0.007139312,-0.060164276
8/13/2018,8/13/2018,-0.004014038,0.018083706
8/14/2018,8/14/2018,0.00636893,-0.015661306
8/15/2018,8/15/2018,-0.007631209,0.017398593
8/16/2018,8/16/2018,0.007888215,0.004146086
8/17/2018,8/17/2018,0.003317606,0.038083278
8/20/2018,8/20/2018,0.002425075,-0.042227816
8/21/2018,8/21/2018,0.0020664,0.028168761
8/22/2018,8/22/2018,-0.000398231,-0.017419129
8/23/2018,8/23/2018,-0.001692694,0.024501682
8/24/2018,8/24/2018,0.006179706,0.02792823
8/27/2018,8/27/2018,0.007641141,0.024210667
8/28/2018,8/28/2018,0.000269242,0.03027781
8/29/2018,8/29/2018,0.005685242,-0.006945952
8/30/2018,8/30/2018,-0.004440172,-0.009829421
8/31/2018,8/31/2018,0.000134468,0.008469072
9/4/2018,9/4/2018,-0.001655692,0.0450211
9/5/2018,9/5/2018,-0.002807063,-0.080417816
9/6/2018,9/6/2018,-0.003658991,-0.039587838
9/7/2018,9/7/2018,-0.002215798,-0.009556698
9/10/2018,9/10/2018,0.001896028,-0.021470247
9/11/2018,9/11/2018,0.003732866,-0.001343778
9/12/2018,9/12/2018,0.000356608,0.004829112
9/13/2018,9/13/2018,0.005268352,0.025723517
9/14/2018,9/14/2018,0.000275444,-0.000706077
9/17/2018,9/17/2018,-0.005585291,-0.03619457
9/18/2018,9/18/2018,0.005354653,0.014242424
9/19/2018,9/19/2018,0.001252488,0.004266346
9/20/2018,9/20/2018,0.007810014,0.018753904
9/21/2018,9/21/2018,-0.000368601,0.032486666
9/24/2018,9/24/2018,-0.003521882,-0.020936439
9/25/2018,9/25/2018,-0.001305948,-0.022841249
9/26/2018,9/26/2018,-0.0032947,0.007499923
9/27/2018,9/27/2018,0.002759476,0.027598692
9/28/2018,9/28/2018,-6.87E-06,-0.004897602
10/1/2018,10/1/2018,0.003634492,-0.008238039
10/2/2018,10/2/2018,-0.000396769,-0.005099773
10/3/2018,10/3/2018,0.000711267,-0.008195394
10/4/2018,10/4/2018,-0.008203035,0.011331035
10/5/2018,10/5/2018,-0.005543315,0.006938349
10/8/2018,10/8/2018,-0.000395195,0.004482215
10/9/2018,10/9/2018,-0.00141891,-0.001442638
10/10/2018,10/10/2018,-0.033416389,-0.00863471
10/11/2018,10/11/2018,-0.02078758,-0.051295382
10/12/2018,10/12/2018,0.014106235,0.00292716
10/15/2018,10/15/2018,-0.005922482,0.050038712
10/16/2018,10/16/2018,0.021267828,-6.52E-05
10/17/2018,10/17/2018,-0.000252694,-0.007865728
10/18/2018,10/18/2018,-0.014496491,-0.010401674
10/19/2018,10/19/2018,-0.000361235,-0.001746207
10/22/2018,10/22/2018,-0.004308797,0.00335841
10/23/2018,10/23/2018,-0.005527076,-0.00176194
10/24/2018,10/24/2018,-0.031350774,0.003099025
10/25/2018,10/25/2018,0.018453718,-0.003014126
10/26/2018,10/26/2018,-0.017479138,-0.000237825
10/29/2018,10/29/2018,-0.006581208,-0.022194384
10/30/2018,10/30/2018,0.015545323,0.000258964
10/31/2018,10/31/2018,0.010792879,-0.002633627
11/1/2018,11/1/2018,0.010502499,0.00947909
11/2/2018,11/2/2018,-0.006336721,0.001670057
11/5/2018,11/5/2018,0.005584694,0.004875083
11/6/2018,11/6/2018,0.006239788,0.006420435
11/7/2018,11/7/2018,0.020987079,0.010642787
11/8/2018,11/8/2018,-0.002512069,-0.011771661
11/9/2018,11/9/2018,-0.009241586,-0.010608136
11/12/2018,11/12/2018,-0.019898151,-0.002249781
11/13/2018,11/13/2018,-0.001483019,-0.001850603
11/14/2018,11/14/2018,-0.007596189,-0.102776493
11/15/2018,11/15/2018,0.010538033,-0.015864956
11/16/2018,11/16/2018,0.002220838,-0.012915842
11/19/2018,11/19/2018,-0.016783161,-0.134991039
11/20/2018,11/20/2018,-0.018317996,-0.090075634
11/21/2018,11/21/2018,0.003038669,0.033203655
11/23/2018,11/23/2018,-0.00657642,-0.057016689
11/26/2018,11/26/2018,0.015412976,-0.140017432
11/27/2018,11/27/2018,0.003256384,0.010945085
11/28/2018,11/28/2018,0.022714051,0.108224446
11/29/2018,11/29/2018,-0.002185495,0.005020181
11/30/2018,11/30/2018,0.008137548,-0.063081298
12/3/2018,12/3/2018,0.010882002,-0.031131696
12/4/2018,12/4/2018,-0.032900229,0.015988811
12/6/2018,12/6/2018,-0.001523388,-0.116685369
12/7/2018,12/7/2018,-0.023596335,-0.029151749
12/10/2018,12/10/2018,0.001760603,0.023899335
12/11/2018,12/11/2018,-0.00035641,-0.022540328
12/12/2018,12/12/2018,0.005404871,0.018046273
12/13/2018,12/13/2018,-0.00019995,-0.050968961
12/14/2018,12/14/2018,-0.019271212,-0.021718554
12/17/2018,12/17/2018,-0.020992285,0.089442095
12/18/2018,12/18/2018,8.64E-05,0.041485075
12/19/2018,12/19/2018,-0.015515459,0.0134083
12/20/2018,12/20/2018,-0.015897809,0.098676791
12/21/2018,12/21/2018,-0.02080312,-0.0592623
12/24/2018,12/24/2018,-0.027486573,0.045663647
12/26/2018,12/26/2018,0.048403178,-0.05578674
12/27/2018,12/27/2018,0.008526229,-0.0539163
12/28/2018,12/28/2018,-0.001242354,0.071040286
12/31/2018,12/31/2018,0.008456626,-0.04728343
1/2/2019,1/2/2019,0.001267693,0.052238292
1/3/2019,1/3/2019,-0.025068332,-0.027422322
1/4/2019,1/4/2019,0.033759399,0.005452332
1/7/2019,1/7/2019,0.006985976,0.042510901
1/8/2019,1/8/2019,0.009648587,0.001390155
1/9/2019,1/9/2019,0.004089671,0.001103002
1/10/2019,1/10/2019,0.004508241,-0.092459282
1/11/2019,1/11/2019,-0.000146309,0.00229177
1/14/2019,1/14/2019,-0.005271395,0.005054985
1/15/2019,1/15/2019,0.010664619,-0.020548563
1/16/2019,1/16/2019,0.002219521,0.006679301
1/17/2019,1/17/2019,0.007562731,0.006424486
1/18/2019,1/18/2019,0.013096913,-0.005649816
1/22/2019,1/22/2019,-0.014258477,-0.014668165
1/23/2019,1/23/2019,0.00220049,-0.005411672
1/24/2019,1/24/2019,0.00137478,0.004381431
1/25/2019,1/25/2019,0.008452868,-0.00030542
1/28/2019,1/28/2019,-0.007877776,-0.036584412
1/29/2019,1/29/2019,-0.001457308,-0.006456127
1/30/2019,1/30/2019,0.01542961,0.010978783
1/31/2019,1/31/2019,0.008560649,-0.008176607
2/1/2019,2/1/2019,0.000898207,0.008682383
2/4/2019,2/4/2019,0.006753381,-0.008288761
2/5/2019,2/5/2019,0.00469737,0.002080243
2/6/2019,2/6/2019,-0.002226916,-0.015287694
2/7/2019,2/7/2019,-0.009401193,-0.004196583
2/8/2019,2/8/2019,0.000675973,0.075693936
2/11/2019,2/11/2019,0.000708852,-0.005016847
2/12/2019,2/12/2019,0.012807853,0.001396311
2/13/2019,2/13/2019,0.003019432,-0.005890544
2/14/2019,2/14/2019,-0.002655163,-0.004190874
2/15/2019,2/15/2019,0.010820005,0.001085963
2/19/2019,2/19/2019,0.001497621,0.086281758
2/20/2019,2/20/2019,0.001775534,0.013269765
2/21/2019,2/21/2019,-0.003532669,-0.01149189
2/22/2019,2/22/2019,0.006390639,0.012917451
2/25/2019,2/25/2019,0.001231104,-0.031145228
2/26/2019,2/26/2019,-0.00079077,-0.007325399
2/27/2019,2/27/2019,-0.000544197,-0.000859279
2/28/2019,2/28/2019,-0.002829508,0.000970184
3/1/2019,3/1/2019,0.006871657,0.001244001
3/4/2019,3/4/2019,-0.003888107,-0.025726337
3/5/2019,3/5/2019,-0.001132173,0.035213632
3/6/2019,3/6/2019,-0.006545474,0.001940339
3/7/2019,3/7/2019,-0.008158911,0.001929965
3/8/2019,3/8/2019,-0.002133964,-0.002650275
3/11/2019,3/11/2019,0.014559536,0.001049325
3/12/2019,3/12/2019,0.002948966,0.00100557
3/13/2019,3/13/2019,0.006925547,-0.000624106
3/14/2019,3/14/2019,-0.000868399,0.004508157
3/15/2019,3/15/2019,0.004972519,0.009268473
3/18/2019,3/18/2019,0.003699097,0.017914264
3/19/2019,3/19/2019,-0.00013057,0.009547038
3/20/2019,3/20/2019,-0.002948697,0.003992357
3/21/2019,3/21/2019,0.010794015,-0.014328402
3/22/2019,3/22/2019,-0.019156827,-0.001330795
3/25/2019,3/25/2019,-0.000839373,-0.015249428
3/26/2019,3/26/2019,0.007157053,0.005538473
3/27/2019,3/27/2019,-0.004655143,0.025269802
3/28/2019,3/28/2019,0.003583055,-0.004403784
3/29/2019,3/29/2019,0.006711706,0.007166826
4/1/2019,4/1/2019,0.011502196,0.014487791
4/2/2019,4/2/2019,1.75E-05,0.16004198
4/3/2019,4/3/2019,0.002146072,0.018907493
4/4/2019,4/4/2019,0.002082465,-0.010150462
4/5/2019,4/5/2019,0.004625718,0.022870127
4/8/2019,4/8/2019,0.001046912,0.049027591
4/9/2019,4/9/2019,-0.006085976,-0.016163227
4/10/2019,4/10/2019,0.003471838,0.022716803
4/11/2019,4/11/2019,3.81E-05,-0.050075525
4/12/2019,4/12/2019,0.006587578,0.004934263
4/15/2019,4/15/2019,-0.000629567,-0.00441695
4/16/2019,4/16/2019,0.000509228,0.03270341
4/17/2019,4/17/2019,-0.002276401,0.00312342
4/18/2019,4/18/2019,0.001577847,0.008805048
4/22/2019,4/22/2019,0.001011506,0.0188792
4/23/2019,4/23/2019,0.008802351,0.031537679
4/24/2019,4/24/2019,-0.002194169,-0.019479347
4/25/2019,4/25/2019,-0.000369042,-0.04766091
4/26/2019,4/26/2019,0.00467435,0.013123813
4/29/2019,4/29/2019,0.001070949,-0.006078961
4/30/2019,4/30/2019,0.000950965,0.019508687
5/1/2019,5/1/2019,-0.007530446,0.009665965
5/2/2019,5/2/2019,-0.002126245,0.01880998
5/3/2019,5/3/2019,0.009592127,0.046667296
5/6/2019,5/6/2019,-0.004481013,-0.00373118
5/7/2019,5/7/2019,-0.016649488,0.014287066
5/8/2019,5/8/2019,-0.001606715,0.025899955
5/9/2019,5/9/2019,-0.003025999,0.031601133
5/10/2019,5/10/2019,0.003713394,0.032555119
5/13/2019,5/13/2019,-0.024426469,0.2030464
5/14/2019,5/14/2019,0.007983988,0.022709208
5/15/2019,5/15/2019,0.005821994,0.026020896
5/16/2019,5/16/2019,0.008855957,-0.039813494
5/17/2019,5/17/2019,-0.005854437,-0.071081277
5/20/2019,5/20/2019,-0.006772258,0.08285707
5/21/2019,5/21/2019,0.008459949,-0.001879537
5/22/2019,5/22/2019,-0.002828392,-0.036218764
5/23/2019,5/23/2019,-0.011985692,0.025934033
5/24/2019,5/24/2019,0.001352644,0.013299516
5/28/2019,5/28/2019,-0.00841095,0.087753128
5/29/2019,5/29/2019,-0.00693591,-0.006959352
5/30/2019,5/30/2019,0.002096273,-0.040056648
5/31/2019,5/31/2019,-0.013283205,0.03019404
6/3/2019,6/3/2019,-0.002769071,-0.043562392
6/4/2019,6/4/2019,0.021205927,-0.063001478
6/5/2019,6/5/2019,0.008128727,0.014996474
6/6/2019,6/6/2019,0.006116841,-0.000282241
6/7/2019,6/7/2019,0.010442979,0.027977129
6/10/2019,6/10/2019,0.00464922,-0.005437662
6/11/2019,6/11/2019,-0.000349941,-0.009117973
6/12/2019,6/12/2019,-0.002039658,0.02714474
6/13/2019,6/13/2019,0.004089011,0.010388753
6/14/2019,6/14/2019,-0.001612812,0.054715665
6/17/2019,6/17/2019,0.000931315,0.069586529
6/18/2019,6/18/2019,0.00967049,-0.025932151
6/19/2019,6/19/2019,0.002980717,0.020894884
6/20/2019,6/20/2019,0.009427605,0.026983496
6/21/2019,6/21/2019,-0.001260016,0.062790587
6/24/2019,6/24/2019,-0.001733388,0.081966815
6/25/2019,6/25/2019,-0.009541776,0.068425403
6/26/2019,6/26/2019,-0.001234696,0.098867663
6/27/2019,6/27/2019,0.003815886,-0.151819674
6/28/2019,6/28/2019,0.005740942,0.103910113
7/1/2019,7/1/2019,0.007643019,-0.159025917
7/2/2019,7/2/2019,0.002923847,0.020439794
7/3/2019,7/3/2019,0.007643096,0.101972423
7/5/2019,7/5/2019,-0.001807534,-0.085738723
7/8/2019,7/8/2019,-0.004847173,0.112521817
7/9/2019,7/9/2019,0.001235793,0.023159293
7/10/2019,7/10/2019,0.004500547,-0.033751228
7/11/2019,7/11/2019,0.00228262,-0.067884416
7/12/2019,7/12/2019,0.004609534,0.039472754
7/15/2019,7/15/2019,0.000175854,-0.081141173
7/16/2019,7/16/2019,-0.003409585,-0.139376706
7/17/2019,7/17/2019,-0.006552665,0.022551279
7/18/2019,7/18/2019,0.003575598,0.095619553
7/19/2019,7/19/2019,-0.006195889,-0.012808462
7/22/2019,7/22/2019,0.002824702,-0.017977626
7/23/2019,7/23/2019,0.006824145,-0.043707967
7/24/2019,7/24/2019,0.004677193,-0.009013725
7/25/2019,7/25/2019,-0.005276296,0.010131621
7/26/2019,7/26/2019,0.007360536,-0.004199559
7/29/2019,7/29/2019,-0.001617422,-0.036225537
7/30/2019,7/30/2019,-0.002581985,0.009231028
7/31/2019,7/31/2019,-0.010945207,0.048575318
8/1/2019,8/1/2019,-0.009039528,0.03066254
8/2/2019,8/2/2019,-0.007309389,0.011330721
8/5/2019,8/5/2019,-0.030230182,0.115473817
8/6/2019,8/6/2019,0.012933024,-0.028131633
8/7/2019,8/7/2019,0.000766582,0.039612103
8/8/2019,8/8/2019,0.018588462,0.002044345
8/9/2019,8/9/2019,-0.006638593,-0.008684364
8/12/2019,8/12/2019,-0.012393809,-0.041331664
8/13/2019,8/13/2019,0.015018346,-0.043707143
8/14/2019,8/14/2019,-0.029730352,-0.080637972
8/15/2019,8/15/2019,0.002461237,0.025522046
8/16/2019,8/16/2019,0.014323058,0.006071112
8/19/2019,8/19/2019,0.012033176,0.050899183
8/20/2019,8/20/2019,-0.007946215,-0.014098603
8/21/2019,8/21/2019,0.00821298,-0.059840268
8/22/2019,8/22/2019,-0.000506203,-0.000690128
8/23/2019,8/23/2019,-0.026288881,0.026965839
8/26/2019,8/26/2019,0.010923113,-0.00357524
8/27/2019,8/27/2019,-0.003208322,-0.018030983
8/28/2019,8/28/2019,0.006524152,-0.043244332
8/29/2019,8/29/2019,0.012607482,-0.025355881
8/30/2019,8/30/2019,0.000642581,0.009207927
9/3/2019,9/3/2019,-0.006923009,0.101499443
9/4/2019,9/4/2019,0.010783725,-0.002737944
9/5/2019,9/5/2019,0.012925913,-0.001791209
9/6/2019,9/6/2019,0.000910191,-0.021237571
9/9/2019,9/9/2019,-9.40E-05,-0.001771837
9/10/2019,9/10/2019,0.000322252,-0.021417821
9/11/2019,9/11/2019,0.007203672,0.006149168
9/12/2019,9/12/2019,0.002875016,0.022513994
9/13/2019,9/13/2019,-0.000724677,-0.004774055
9/16/2019,9/16/2019,-0.003140513,-0.008116684
9/17/2019,9/17/2019,0.002578425,-0.003462463
9/18/2019,9/18/2019,0.000342633,-0.00420993
9/19/2019,9/19/2019,2.00E-05,0.006661946
9/20/2019,9/20/2019,-0.004907599,-0.008291636
9/23/2019,9/23/2019,-9.69E-05,-0.045441815
9/24/2019,9/24/2019,-0.008451989,-0.12099365
9/25/2019,9/25/2019,0.006139685,-0.015616015
9/26/2019,9/26/2019,-0.002431871,-0.044331751
9/27/2019,9/27/2019,-0.005330535,0.016233872
9/30/2019,9/30/2019,0.00503491,0.005079569
10/1/2019,10/1/2019,-0.012334127,0.005939523
10/2/2019,10/2/2019,-0.018065404,0.005947039
10/3/2019,10/3/2019,0.007940305,-0.015979387
10/4/2019,10/4/2019,0.014116785,-0.006565426
10/7/2019,10/7/2019,-0.004488352,0.004824304
10/8/2019,10/8/2019,-0.01568316,-0.002044365
10/9/2019,10/9/2019,0.009063297,0.043628604
10/10/2019,10/10/2019,0.006395202,-0.001078627
10/11/2019,10/11/2019,0.01087958,-0.031314741
10/14/2019,10/14/2019,-0.001388082,0.006340256
10/15/2019,10/15/2019,0.009906445,-0.020424934
10/16/2019,10/16/2019,-0.002001545,-0.019423892
10/17/2019,10/17/2019,0.002759022,0.00698198
10/18/2019,10/18/2019,-0.003927046,-0.01625994
10/21/2019,10/21/2019,0.006848114,0.033364923
10/22/2019,10/22/2019,-0.003575049,-0.020282321
10/23/2019,10/23/2019,0.002843103,-0.072312103
10/24/2019,10/24/2019,0.001918605,-0.00282288
10/25/2019,10/25/2019,0.00406443,0.144761094
10/28/2019,10/28/2019,0.00556582,0.066492453
10/29/2019,10/29/2019,-0.000832752,0.018362812
10/30/2019,10/30/2019,0.003248089,-0.023825096
10/31/2019,10/31/2019,-0.003027439,-0.000667373
11/1/2019,11/1/2019,0.009615931,0.006664947
11/4/2019,11/4/2019,0.003697246,0.016227207
11/5/2019,11/5/2019,-0.001186403,-0.007473715
11/6/2019,11/6/2019,0.000702251,0.001962481
11/7/2019,11/7/2019,0.002726375,-0.010018996
11/8/2019,11/8/2019,0.002557403,-0.051214084
11/11/2019,11/11/2019,-0.001964395,-0.005362839
11/12/2019,11/12/2019,0.001563423,0.006586553
11/13/2019,11/13/2019,0.000711282,-0.000839701
11/14/2019,11/14/2019,0.000836693,-0.011437202
11/15/2019,11/15/2019,0.007666029,-0.025129398
11/18/2019,11/18/2019,0.000503026,-0.021749923
11/19/2019,11/19/2019,-0.00059277,-0.012490375
11/20/2019,11/20/2019,-0.003763256,-0.022039072
11/21/2019,11/21/2019,-0.001584006,-0.049086768
11/22/2019,11/22/2019,0.002172574,-0.046352065
11/25/2019,11/25/2019,0.007479252,-0.02083394
11/26/2019,11/26/2019,0.002193164,0.010057836
11/27/2019,11/27/2019,0.004165736,0.042486626
11/29/2019,11/29/2019,-0.004019286,0.030026642
12/2/2019,12/2/2019,-0.008668484,-0.058260672
12/3/2019,12/3/2019,-0.006660225,-0.000251708
12/4/2019,12/4/2019,0.006303658,-0.009348133
12/5/2019,12/5/2019,0.001499127,0.026704768
12/6/2019,12/6/2019,0.009094246,0.013162839
12/9/2019,12/9/2019,-0.003167834,-0.019548145
12/10/2019,12/10/2019,-0.001097536,-0.016728999
12/11/2019,12/11/2019,0.002903938,-0.008373984
12/12/2019,12/12/2019,0.008538667,0.003555472
12/13/2019,12/13/2019,7.26E-05,0.003658879
12/16/2019,12/16/2019,0.007122361,-0.047495222
12/17/2019,12/17/2019,0.000335236,-0.04302814
12/18/2019,12/18/2019,-0.000432394,0.09150204
12/19/2019,12/19/2019,0.004449379,-0.0102156
12/20/2019,12/20/2019,0.004932596,0.002215026
12/23/2019,12/23/2019,0.000865769,0.018774785
12/24/2019,12/24/2019,-0.000195467,-0.004509591
12/26/2019,12/26/2019,0.005115062,-0.011477712
12/27/2019,12/27/2019,3.40E-05,0.007037181
12/30/2019,12/30/2019,-0.005797596,0.000398645
12/31/2019,12/31/2019,0.002941691,-0.013722695
1/2/2020,1/2/2020,0.008343895,-0.029359311
1/3/2020,1/3/2020,-0.007084909,0.050171746
1/6/2020,1/6/2020,0.003527145,0.056165621
1/7/2020,1/7/2020,-0.002807175,0.049526889
1/8/2020,1/8/2020,0.004890473,-0.010321673
1/9/2020,1/9/2020,0.006633214,-0.025164851
1/10/2020,1/10/2020,-0.002859262,0.035837017
1/13/2020,1/13/2020,0.006951994,-0.002741735
1/14/2020,1/14/2020,-0.001515681,0.080596506
1/15/2020,1/15/2020,0.00186845,-0.002353749
1/16/2020,1/16/2020,0.008331747,-0.009494746
1/17/2020,1/17/2020,0.003854723,0.023255339
1/21/2020,1/21/2020,-0.0026555,-0.020724278
1/22/2020,1/22/2020,0.000289034,-0.007461951
1/23/2020,1/23/2020,0.001140326,-0.032115368
1/24/2020,1/24/2020,-0.009083289,0.004618933
1/27/2020,1/27/2020,-0.015855752,0.053527957
1/28/2020,1/28/2020,0.010003384,0.049140657
1/29/2020,1/29/2020,-0.00086725,-0.004493659
1/30/2020,1/30/2020,0.003129457,0.020437037
1/31/2020,1/31/2020,-0.017864444,-0.016805049
2/3/2020,2/3/2020,0.007228426,-0.006115408
2/4/2020,2/4/2020,0.014869316,-0.012185454
2/5/2020,2/5/2020,0.011187779,0.046028348
2/6/2020,2/6/2020,0.003320155,0.012033084
2/7/2020,2/7/2020,-0.005415491,0.006774835
2/10/2020,2/10/2020,0.00729969,0.006174074
2/11/2020,2/11/2020,0.001687049,0.035052447
2/12/2020,2/12/2020,0.006441853,0.011475405
2/13/2020,2/13/2020,-0.001631776,-0.010873763
2/14/2020,2/14/2020,0.001841836,0.009523015
2/18/2020,2/18/2020,-0.002924214,-0.016634703
2/19/2020,2/19/2020,0.004694748,-0.051449984
2/20/2020,2/20/2020,-0.003822817,-0.002589266
2/21/2020,2/21/2020,-0.010573809,0.008081532
2/24/2020,2/24/2020,-0.034088079,-0.003751085
2/25/2020,2/25/2020,-0.030747904,-0.032487238
2/26/2020,2/26/2020,-0.003785697,-0.057407688
2/27/2020,2/27/2020,-0.045168136,-0.004092966
2/28/2020,2/28/2020,-0.008272463,-0.012836218
3/2/2020,3/2/2020,0.045010869,0.022485663
3/3/2020,3/3/2020,-0.028510485,-0.009274765
3/4/2020,3/4/2020,0.041336349,-0.003709744
3/5/2020,3/5/2020,-0.034510782,0.036284842
3/6/2020,3/6/2020,-0.017200944,0.004811004
3/9/2020,3/9/2020,-0.079010413,-0.140897653
3/10/2020,3/10/2020,0.048215052,-0.001757685
3/11/2020,3/11/2020,-0.050102893,0.000214988
3/12/2020,3/12/2020,-0.099944852,-0.464730175
3/13/2020,3/13/2020,0.088808407,0.112686222
3/16/2020,3/16/2020,-0.127652197,-0.103934895
3/17/2020,3/17/2020,0.058226313,0.041245526
3/18/2020,3/18/2020,-0.053222272,0.002448204
3/19/2020,3/19/2020,0.004696761,0.167104324
3/20/2020,3/20/2020,-0.044327624,0.00122445
3/23/2020,3/23/2020,-0.029731501,0.034491729
3/24/2020,3/24/2020,0.089683233,0.048444709
3/25/2020,3/25/2020,0.01146899,-0.00801156
3/26/2020,3/26/2020,0.060543831,0.005281211
3/27/2020,3/27/2020,-0.034267846,-0.037413377
3/30/2020,3/30/2020,0.032966591,-0.006195005
3/31/2020,3/31/2020,-0.016142311,0.001368107
4/1/2020,4/1/2020,-0.045146363,0.025777803
4/2/2020,4/2/2020,0.022572657,0.027888756
4/3/2020,4/3/2020,-0.015252861,-0.008906284
4/6/2020,4/6/2020,0.067968244,0.076922959
4/7/2020,4/7/2020,-0.001604339,-0.013201383
4/8/2020,4/8/2020,0.033489371,0.021734626
4/9/2020,4/9/2020,0.01438347,-0.004373998
4/13/2020,4/13/2020,-0.010156059,-0.064636569
4/14/2020,4/14/2020,0.03011456,-0.000381351
4/15/2020,4/15/2020,-0.022276733,-0.029712937
4/16/2020,4/16/2020,0.005799838,0.069029113
4/17/2020,4/17/2020,0.026440932,-0.002901521
4/20/2020,4/20/2020,-0.018042846,-0.030653979
4/21/2020,4/21/2020,-0.031155115,-0.000237643
4/22/2020,4/22/2020,0.022671301,0.033849812
4/23/2020,4/23/2020,-0.000539568,0.042973347
4/24/2020,4/24/2020,0.013822091,0.016178084
4/27/2020,4/27/2020,0.014606868,0.031892732
4/28/2020,4/28/2020,-0.00525617,0.001468663
4/29/2020,4/29/2020,0.026236704,0.119841406
4/30/2020,4/30/2020,-0.009255143,-0.016321978
5/1/2020,5/1/2020,-0.028460211,0.02353691
5/4/2020,5/4/2020,0.004240823,0.005387487
5/5/2020,5/5/2020,0.008999935,0.010093567
5/6/2020,5/6/2020,-0.00700388,0.029084126
5/7/2020,5/7/2020,0.011438956,0.071075367
5/8/2020,5/8/2020,0.016730795,-0.010998547
5/11/2020,5/11/2020,0.000133069,-0.134755604
5/12/2020,5/12/2020,-0.020713366,0.023289396
5/13/2020,5/13/2020,-0.017616997,0.051521607
5/14/2020,5/14/2020,0.011458918,0.048814308
5/15/2020,5/15/2020,0.003918675,-0.042554541
5/18/2020,5/18/2020,0.031015209,0.041820073
5/19/2020,5/19/2020,-0.010539748,0.00025318
5/20/2020,5/20/2020,0.016513991,-0.021407054
5/21/2020,5/21/2020,-0.007803968,-0.047439781
5/22/2020,5/22/2020,0.002350946,0.011039705
5/26/2020,5/26/2020,0.012214285,-0.038580826
5/27/2020,5/27/2020,0.014718447,0.038410971
5/28/2020,5/28/2020,-0.002110139,0.036860715
5/29/2020,5/29/2020,0.004800794,-0.009135579
6/1/2020,6/1/2020,0.003744216,0.074310414
6/2/2020,6/2/2020,0.008177307,-0.064749475
6/3/2020,6/3/2020,0.013556671,0.013229695
6/4/2020,6/4/2020,-0.003374389,0.014793539
6/5/2020,6/5/2020,0.025874013,-0.013881075
6/8/2020,6/8/2020,0.011969656,0.010902607
6/9/2020,6/9/2020,-0.007829743,0.002474648
6/10/2020,6/10/2020,-0.005327256,0.007565917
6/11/2020,6/11/2020,-0.060752693,-0.057155719
6/12/2020,6/12/2020,0.012976287,0.016919584
6/15/2020,6/15/2020,0.008277861,-0.003184275
6/16/2020,6/16/2020,0.018784853,0.009197339
6/17/2020,6/17/2020,-0.003606796,-0.006075177
6/18/2020,6/18/2020,0.000594043,-0.007242644
6/19/2020,6/19/2020,-0.005665514,-0.013243316
6/22/2020,6/22/2020,0.006474093,0.038099791
6/23/2020,6/23/2020,0.004298169,-0.001977301
6/24/2020,6/24/2020,-0.026195266,-0.033370923
6/25/2020,6/25/2020,0.010899828,-0.005253081
6/26/2020,6/26/2020,-0.024525204,-0.011059044
6/29/2020,6/29/2020,0.014578888,0.003044229
6/30/2020,6/30/2020,0.015292349,-0.005768118
7/1/2020,7/1/2020,0.005009564,0.009836785
7/2/2020,7/2/2020,0.00453097,-0.011433925
7/6/2020,7/6/2020,0.015756931,0.027253541
7/7/2020,7/7/2020,-0.010877478,-0.013227475
7/8/2020,7/8/2020,0.007796986,0.018849585
7/9/2020,7/9/2020,-0.005659591,-0.016076773
7/10/2020,7/10/2020,0.01041181,9.05E-05
7/13/2020,7/13/2020,-0.009406645,-0.003800086
7/14/2020,7/14/2020,0.013317301,-4.33E-05
7/15/2020,7/15/2020,0.009041057,-0.005465062
7/16/2020,7/16/2020,-0.003411915,-0.006614939
7/17/2020,7/17/2020,0.002844563,0.002096417
7/20/2020,7/20/2020,0.008371797,0.001401958
7/21/2020,7/21/2020,0.001677629,0.022726572
7/22/2020,7/22/2020,0.005730631,0.015923467
7/23/2020,7/23/2020,-0.012396378,0.005831453
7/24/2020,7/24/2020,-0.00620964,-0.004621806
7/27/2020,7/27/2020,0.007367929,0.141897499
7/28/2020,7/28/2020,-0.006494435,-0.007126663
7/29/2020,7/29/2020,0.012351783,0.017048707
7/30/2020,7/30/2020,-0.003757302,0.000967607
7/31/2020,7/31/2020,0.007641236,0.018922423
8/3/2020,8/3/2020,0.007155363,-0.00683377
8/4/2020,8/4/2020,0.003605423,-0.003603747
8/5/2020,8/5/2020,0.00640916,0.047160038
8/6/2020,8/6/2020,0.006407126,0.002784144
8/7/2020,8/7/2020,0.000632829,-0.015251902
8/10/2020,8/10/2020,0.002738465,0.023565279
8/11/2020,8/11/2020,-0.008001055,-0.040161113
8/12/2020,8/12/2020,0.013899502,0.015169301
8/13/2020,8/13/2020,-0.002049273,0.017048854
8/14/2020,8/14/2020,-0.000171897,-0.001296361
8/17/2020,8/17/2020,0.002706178,0.040427245
8/18/2020,8/18/2020,0.00230074,-0.021709415
8/19/2020,8/19/2020,-0.004414123,-0.019617887
8/20/2020,8/20/2020,0.003153655,0.010161328
8/21/2020,8/21/2020,0.0034352,-0.024361863
8/24/2020,8/24/2020,0.009993615,0.015586893
8/25/2020,8/25/2020,0.0035899,-0.035306004
8/26/2020,8/26/2020,0.010144001,0.010696335
8/27/2020,8/27/2020,0.001671646,-0.014463478
8/28/2020,8/28/2020,0.006710003,0.019164719
8/31/2020,8/31/2020,-0.002197375,0.011912332
9/1/2020,9/1/2020,0.007496831,0.024495288
9/2/2020,9/2/2020,0.01524905,-0.047599828
9/3/2020,9/3/2020,-0.035757594,-0.108024908
9/4/2020,9/4/2020,-0.008166281,0.025680959
9/8/2020,9/8/2020,-0.028148829,-0.036848697
9/9/2020,9/9/2020,0.019944761,0.010879836
9/10/2020,9/10/2020,-0.017741246,0.011724295
9/11/2020,9/11/2020,0.00053293,0.003638635
9/14/2020,9/14/2020,0.012661335,0.026557498
9/15/2020,9/15/2020,0.005205786,0.010812511
9/16/2020,9/16/2020,-0.004629647,0.016347532
9/17/2020,9/17/2020,-0.00844795,-0.002364092
9/18/2020,9/18/2020,-0.011245577,-0.000402337
9/21/2020,9/21/2020,-0.011638564,-0.045070425
9/22/2020,9/22/2020,0.010463016,0.007256945
9/23/2020,9/23/2020,-0.024007339,-0.028125829
9/24/2020,9/24/2020,0.002983006,0.048936136
9/25/2020,9/25/2020,0.015850439,-0.00627889
9/28/2020,9/28/2020,0.015982192,0.001582587
9/29/2020,9/29/2020,-0.004824283,0.012525583
9/30/2020,9/30/2020,0.008219843,-0.005561903
10/1/2020,10/1/2020,0.00527895,-0.015421675
10/2/2020,10/2/2020,-0.009623813,-0.004102545
10/5/2020,10/5/2020,0.017813109,0.02034438
10/6/2020,10/6/2020,-0.014072064,-0.017659664
10/7/2020,10/7/2020,0.017247164,0.006069812
10/8/2020,10/8/2020,0.007978213,0.022861385
10/9/2020,10/9/2020,0.008755095,0.013537194
10/12/2020,10/12/2020,0.01628253,0.043411693
10/13/2020,10/13/2020,-0.006326892,-0.011267026
10/14/2020,10/14/2020,-0.006645172,0.000315673
10/15/2020,10/15/2020,-0.001528924,0.005744241
10/16/2020,10/16/2020,0.00013491,-0.015183968
10/19/2020,10/19/2020,-0.016464664,0.036416715
10/20/2020,10/20/2020,0.004716195,0.014734827
10/21/2020,10/21/2020,-0.002198114,0.073384054
10/22/2020,10/22/2020,0.005205354,0.011027988
10/23/2020,10/23/2020,0.003439838,-0.00265297
10/26/2020,10/26/2020,-0.018764473,0.011051765
10/27/2020,10/27/2020,-0.003030205,0.043327559
10/28/2020,10/28/2020,-0.035925542,-0.028445849
10/29/2020,10/29/2020,0.011876525,0.012475103
10/30/2020,10/30/2020,-0.012203713,0.008052076
11/2/2020,11/2/2020,0.012242951,0.000292785
11/3/2020,11/3/2020,0.017642738,0.029078415
11/4/2020,11/4/2020,0.021807526,0.013061445
11/5/2020,11/5/2020,0.019273266,0.097415811
11/6/2020,11/6/2020,-0.000287757,-0.00089693
11/9/2020,11/9/2020,0.011631975,-0.015118674
11/10/2020,11/10/2020,-0.001400775,-0.002704687
11/11/2020,11/11/2020,0.007622728,0.026488016
11/12/2020,11/12/2020,-0.010028652,0.035966701
11/13/2020,11/13/2020,0.013518547,0.002544313
11/16/2020,11/16/2020,0.011580735,0.024115941
11/17/2020,11/17/2020,-0.004803444,0.054102476
11/18/2020,11/18/2020,-0.011631211,0.008948
11/19/2020,11/19/2020,0.003938676,0.00073462
11/20/2020,11/20/2020,-0.006815737,0.044148763
11/23/2020,11/23/2020,0.005620108,-0.013908043
11/24/2020,11/24/2020,0.016032459,0.039680268
11/25/2020,11/25/2020,-0.001585675,-0.019839332
11/27/2020,11/27/2020,0.002394111,-0.090670048
11/30/2020,11/30/2020,-0.004606141,0.13727715
12/1/2020,12/1/2020,0.011208141,-0.042830531
12/2/2020,12/2/2020,0.001789565,0.020950814
12/3/2020,12/3/2020,-0.000624352,0.012643316
12/4/2020,12/4/2020,0.008797464,-0.039099468
12/7/2020,12/7/2020,-0.001937513,0.025963301
12/8/2020,12/8/2020,0.002783271,-0.04641846
12/9/2020,12/9/2020,-0.007980965,0.012625041
12/10/2020,12/10/2020,-0.001285935,-0.01569464
12/11/2020,12/11/2020,-0.001265798,-0.011347357
12/14/2020,12/14/2020,-0.004368788,0.063697859
12/15/2020,12/15/2020,0.012838482,0.008816158
12/16/2020,12/16/2020,0.001771226,0.093051598
12/17/2020,12/17/2020,0.005741143,0.067782427
12/18/2020,12/18/2020,-0.003517297,0.014487681
12/21/2020,12/21/2020,-0.003913928,-0.014578896
12/22/2020,12/22/2020,-0.002075245,0.042076568
12/23/2020,12/23/2020,0.000745533,-0.023039437
12/24/2020,12/24/2020,0.00353035,0.021057909
12/28/2020,12/28/2020,0.008684708,0.131982259
12/29/2020,12/29/2020,-0.002229865,0.010198176
12/30/2020,12/30/2020,0.001340648,0.052625182
12/31/2020,12/31/2020,0.006418205,0.005558802
1/4/2021,1/4/2021,-0.014864763,0.097502669
1/5/2021,1/5/2021,0.007057631,0.061280012
1/6/2021,1/6/2021,0.005693603,0.080021828
1/7/2021,1/7/2021,0.01473826,0.066870924
1/8/2021,1/8/2021,0.005476837,0.03559289
1/11/2021,1/11/2021,-0.006576328,-0.137214909
1/12/2021,1/12/2021,0.000415702,-0.047316478
1/13/2021,1/13/2021,0.002273056,0.095339721
1/14/2021,1/14/2021,-0.003760513,0.048921613
1/15/2021,1/15/2021,-0.007216001,-0.062166499
1/19/2021,1/19/2021,0.008103458,-0.020730853
1/20/2021,1/20/2021,0.013839417,-0.014579217
1/21/2021,1/21/2021,0.000316673,-0.142528131
1/22/2021,1/22/2021,-0.003015153,0.068333411
1/25/2021,1/25/2021,0.003609318,-0.019561525
1/26/2021,1/26/2021,-0.001489943,0.006266383
1/27/2021,1/27/2021,-0.026013315,-0.067874345
1/28/2021,1/28/2021,0.009713299,0.09502026
1/29/2021,1/29/2021,-0.019500378,0.025090071
2/1/2021,2/1/2021,0.0159243,-0.022968439
2/2/2021,2/2/2021,0.013802529,0.057167939
2/3/2021,2/3/2021,0.001008261,0.053773898
2/4/2021,2/4/2021,0.010794848,-0.014678677
2/5/2021,2/5/2021,0.00388992,0.032458853
2/8/2021,2/8/2021,0.007372107,0.191526715
2/9/2021,2/9/2021,-0.001114145,0.006142619
2/10/2021,2/10/2021,-0.000345245,-0.034203203
2/11/2021,2/11/2021,0.001661075,0.064467616
2/12/2021,2/12/2021,0.004699971,-0.008478465
2/16/2021,2/16/2021,-0.000569435,0.035059159
2/17/2021,2/17/2021,-0.000320453,0.058214152
2/18/2021,2/18/2021,-0.004425614,-0.009038227
2/19/2021,2/19/2021,-0.001856619,0.078285135
2/22/2021,2/22/2021,-0.007762893,-0.030536104
2/23/2021,2/23/2021,0.00125553,-0.104585245
2/24/2021,2/24/2021,0.011287668,0.017881496
2/25/2021,2/25/2021,-0.024783394,-0.053969759
2/26/2021,2/26/2021,-0.004761532,-0.016142075
3/1/2021,3/1/2021,0.023512173,0.068620141
3/2/2021,3/2/2021,-0.008113679,-0.025554925
3/3/2021,3/3/2021,-0.013152336,0.043664728
3/4/2021,3/4/2021,-0.013508038,-0.039906122
3/5/2021,3/5/2021,0.019308356,0.00751142
3/8/2021,3/8/2021,-0.005373643,0.065637733
3/9/2021,3/9/2021,0.014055401,0.04815684
3/10/2021,3/10/2021,0.006012204,0.02137418
3/11/2021,3/11/2021,0.010341826,0.031573
3/12/2021,3/12/2021,0.001014883,-0.008216873
3/15/2021,3/15/2021,0.00647094,-0.02516734
3/16/2021,3/16/2021,-0.001570917,0.015929472
3/17/2021,3/17/2021,0.002875245,0.035724187
3/18/2021,3/18/2021,-0.01487056,-0.017339152
3/19/2021,3/19/2021,-0.000602886,0.008394319
3/22/2021,3/22/2021,0.007000557,-0.067666664
3/23/2021,3/23/2021,-0.007660118,0.003840115
3/24/2021,3/24/2021,-0.005482337,-0.036551758
3/25/2021,3/25/2021,0.005226583,-0.020485433
3/26/2021,3/26/2021,0.016494419,0.064288419
3/29/2021,3/29/2021,-0.00086839,0.046300134
3/30/2021,3/30/2021,-0.003162829,0.02001461
3/31/2021,3/31/2021,0.003615954,1.94E-05
4/1/2021,4/1/2021,0.01175583,0.002999233
4/5/2021,4/5/2021,0.014334988,-0.00064204
4/6/2021,4/6/2021,-0.000974005,-0.014763898
4/7/2021,4/7/2021,0.001474146,-0.037528871
4/8/2021,4/8/2021,0.004211751,0.039787676
4/9/2021,4/9/2021,0.007690288,-0.00135455
4/12/2021,4/12/2021,-0.000196098,0.027908883
4/13/2021,4/13/2021,0.003289072,0.058527143
4/14/2021,4/14/2021,-0.004096104,-0.006219938
4/15/2021,4/15/2021,0.011033101,0.003232251
4/16/2021,4/16/2021,0.003602323,-0.027886622
4/19/2021,4/19/2021,-0.00532069,-0.099804336
4/20/2021,4/20/2021,-0.006825561,0.013347501
4/21/2021,4/21/2021,0.009263021,-0.046519746
4/22/2021,4/22/2021,-0.009253338,-0.040581884
4/23/2021,4/23/2021,0.01086941,-0.013001303
4/26/2021,4/26/2021,0.001780685,0.055726546
4/27/2021,4/27/2021,-0.000214919,0.018548319
4/28/2021,4/28/2021,-0.000845898,-0.003794255
4/29/2021,4/29/2021,0.006740042,-0.023429674
4/30/2021,4/30/2021,-0.007220713,0.075415188
5/3/2021,5/3/2021,0.002744322,-0.009567373
5/4/2021,5/4/2021,-0.006700737,-0.069993636
5/5/2021,5/5/2021,0.000703216,0.073897086
5/6/2021,5/6/2021,0.008132299,-0.018055094
5/7/2021,5/7/2021,0.007346291,0.016877097
5/10/2021,5/10/2021,-0.010490481,-0.026439549
5/11/2021,5/11/2021,-0.00871175,0.015009957
5/12/2021,5/12/2021,-0.021682782,-0.142967147
5/13/2021,5/13/2021,0.012099645,0.011442928
5/14/2021,5/14/2021,0.014807779,0.003300187
5/17/2021,5/17/2021,-0.002533258,-0.136007945
5/18/2021,5/18/2021,-0.008553772,-0.014531934
5/19/2021,5/19/2021,-0.002947752,-0.148107076
5/20/2021,5/20/2021,0.010499429,0.097275016
5/21/2021,5/21/2021,-0.000784188,-0.089139817
5/24/2021,5/24/2021,0.009862497,0.036875028
5/25/2021,5/25/2021,-0.002127545,-0.007878783
5/26/2021,5/26/2021,0.001875058,0.022961566
5/27/2021,5/27/2021,0.001164636,-0.022057181
5/28/2021,5/28/2021,0.000768586,-0.073936112
6/1/2021,6/1/2021,-0.000492455,0.027282316
6/2/2021,6/2/2021,0.001445889,0.023977789
6/3/2021,6/3/2021,-0.003635303,0.042556617
6/4/2021,6/4/2021,0.008795303,-0.060840387
6/7/2021,6/7/2021,-0.000797056,-0.094703998
6/8/2021,6/8/2021,0.00017501,-0.002627775
6/9/2021,6/9/2021,-0.001825533,0.109474102
6/10/2021,6/10/2021,0.004641455,-0.017354743
6/11/2021,6/11/2021,0.001946539,0.017067578
6/14/2021,6/14/2021,0.001813556,0.074411394
6/15/2021,6/15/2021,-0.00201372,0.004658453
6/16/2021,6/16/2021,-0.005404704,-0.052307032
6/17/2021,6/17/2021,-0.000435811,-0.007684761
6/18/2021,6/18/2021,-0.013211356,-0.061401591
6/21/2021,6/21/2021,0.013905164,-0.12201039
6/22/2021,6/22/2021,0.005111406,0.025833048
6/23/2021,6/23/2021,-0.001083871,0.036766675
6/24/2021,6/24/2021,0.00579443,0.0274757
6/25/2021,6/25/2021,0.003325063,-0.091304654
6/28/2021,6/28/2021,0.002312289,0.08470225
6/29/2021,6/29/2021,0.000277298,0.040785121
6/30/2021,6/30/2021,0.001327278,-0.023325203
7/1/2021,7/1/2021,0.005208041,-0.042818246
7/2/2021,7/2/2021,0.007472096,0.009632021
7/6/2021,7/6/2021,-0.002023903,0.00992632
7/7/2021,7/7/2021,0.003353347,-0.011157827
7/8/2021,7/8/2021,-0.008597881,-0.029311779
7/9/2021,7/9/2021,0.011214826,0.027617363
7/12/2021,7/12/2021,0.003445233,-0.019182875
7/13/2021,7/13/2021,-0.003523011,-0.013782086
7/14/2021,7/14/2021,0.001164257,0.0036726
7/15/2021,7/15/2021,-0.003267574,-0.032249468
7/16/2021,7/16/2021,-0.007567415,-0.011366531
7/19/2021,7/19/2021,-0.015996781,-0.019400131
7/20/2021,7/20/2021,0.015048806,-0.033338556
7/21/2021,7/21/2021,0.008208042,0.074434172
7/22/2021,7/22/2021,0.002014639,0.006283789
7/23/2021,7/23/2021,0.010094332,0.038503942
7/26/2021,7/26/2021,0.002379367,0.106022293
7/27/2021,7/27/2021,-0.004723583,0.053942853
7/28/2021,7/28/2021,-0.000186279,0.014835127
7/29/2021,7/29/2021,0.004197332,0.000312874
7/30/2021,7/30/2021,-0.005420714,0.054172231
8/2/2021,8/2/2021,-0.001844506,-0.074535839
8/3/2021,8/3/2021,0.008169961,-0.027122491
8/4/2021,8/4/2021,-0.004643151,0.040943165
8/5/2021,8/5/2021,0.005987486,0.027838357
8/6/2021,8/6/2021,0.001673865,0.046538141
8/9/2021,8/9/2021,-0.00094035,0.07963
8/10/2021,8/10/2021,0.000992187,-0.016974141
8/11/2021,8/11/2021,0.001274931,0.000188761
8/12/2021,8/12/2021,0.004137808,-0.025891754
8/13/2021,8/13/2021,0.001606016,0.07300948
8/16/2021,8/16/2021,0.002617422,-0.038147009
8/17/2021,8/17/2021,-0.007085744,-0.028869199
8/18/2021,8/18/2021,-0.010806653,0.002364967
8/19/2021,8/19/2021,0.001255903,0.041885853
8/20/2021,8/20/2021,0.008108604,0.054597907
8/23/2021,8/23/2021,0.008487668,0.004186121
8/24/2021,8/24/2021,0.001494619,-0.037844894
8/25/2021,8/25/2021,0.002217657,0.025960122
8/26/2021,8/26/2021,-0.00584195,-0.042102297
8/27/2021,8/27/2021,0.008769072,0.04409943
8/30/2021,8/30/2021,0.004297324,-0.041700089
8/31/2021,8/31/2021,-0.001350027,0.002371072
9/1/2021,9/1/2021,0.00031164,0.035005654
9/2/2021,9/2/2021,0.002838606,0.009792725
9/3/2021,9/3/2021,-0.000335087,0.014044128
9/7/2021,9/7/2021,-0.003401352,-0.066409405
9/8/2021,9/8/2021,-0.001319437,-0.015494794
9/9/2021,9/9/2021,-0.004616247,0.006488391
9/10/2021,9/10/2021,-0.007752552,-0.033035187
9/13/2021,9/13/2021,0.0022739,0.001762198
9/14/2021,9/14/2021,-0.005763214,0.046272007
9/15/2021,9/15/2021,0.008438294,0.022754601
9/16/2021,9/16/2021,-0.001552345,-0.008190739
9/17/2021,9/17/2021,-0.00915263,-0.01085408
9/20/2021,9/20/2021,-0.017123078,-0.098262407
9/21/2021,9/21/2021,-0.000812689,-0.051488268
9/22/2021,9/22/2021,0.009474585,0.068399602
9/23/2021,9/23/2021,0.01206168,0.029856309
9/24/2021,9/24/2021,0.001459943,-0.046862195
9/27/2021,9/27/2021,-0.002780244,-0.014199854
9/28/2021,9/28/2021,-0.020574318,-0.028852333
9/29/2021,9/29/2021,0.001567954,0.012828925
9/30/2021,9/30/2021,-0.011981203,0.05218276
10/1/2021,10/1/2021,0.011425952,0.094208419
10/4/2021,10/4/2021,-0.013070952,0.02048745
10/5/2021,10/5/2021,0.010469517,0.047747611
10/6/2021,10/6/2021,0.004094399,0.072014101
10/7/2021,10/7/2021,0.008264039,-0.028498794
10/8/2021,10/8/2021,-0.001915557,0.003003761
10/11/2021,10/11/2021,-0.006889442,0.063131919
10/12/2021,10/12/2021,-0.002419706,-0.025435764
10/13/2021,10/13/2021,0.003017956,0.023978815
10/14/2021,10/14/2021,0.016919162,-0.001387246
10/15/2021,10/15/2021,0.007432521,0.071887458
10/18/2021,10/18/2021,0.003369088,0.006991273
10/19/2021,10/19/2021,0.007366143,0.035413444
10/20/2021,10/20/2021,0.003657334,0.026577835
10/21/2021,10/21/2021,0.002991393,-0.059027668
10/22/2021,10/22/2021,-0.001073129,-0.024702251
10/25/2021,10/25/2021,0.004736959,0.037950387
10/26/2021,10/26/2021,0.001818141,-0.043377186
10/27/2021,10/27/2021,-0.00506437,-0.031663844
10/28/2021,10/28/2021,0.009781288,0.035934492
10/29/2021,10/29/2021,0.001947437,0.026144376
11/1/2021,11/1/2021,0.001798459,-0.019858399
11/2/2021,11/2/2021,0.003673607,0.035775877
11/3/2021,11/3/2021,0.006440495,-0.004062806
11/4/2021,11/4/2021,0.004173222,-0.024399034
11/5/2021,11/5/2021,0.00372585,-0.005328129
11/8/2021,11/8/2021,0.000887394,0.100185151
11/9/2021,11/9/2021,-0.003504911,-0.008845099
11/10/2021,11/10/2021,-0.008259842,-0.029958165
11/11/2021,11/11/2021,0.000550788,-0.000696748
11/12/2021,11/12/2021,0.007196698,-0.012300438
11/15/2021,11/15/2021,-1.07E-05,-0.009365858
11/16/2021,11/16/2021,0.003857779,-0.054922454
11/17/2021,11/17/2021,-0.002605015,0.003430965
11/18/2021,11/18/2021,0.003379065,-0.05842375
11/19/2021,11/19/2021,-0.001399645,0.020466973
11/22/2021,11/22/2021,-0.003202258,-0.03199831
11/23/2021,11/23/2021,0.001655761,0.022481248
11/24/2021,11/24/2021,0.002291224,-0.02263872
11/26/2021,11/26/2021,-0.022987011,-0.049361963
11/29/2021,11/29/2021,0.013113836,0.07611754
11/30/2021,11/30/2021,-0.019143381,-0.013955922
12/1/2021,12/1/2021,-0.011885541,0.003928781
12/2/2021,12/2/2021,0.014094638,-0.013227302
12/3/2021,12/3/2021,-0.008484455,-0.052331586
12/6/2021,12/6/2021,0.011662599,-0.057908208
12/7/2021,12/7/2021,0.020495603,0.002319468
12/8/2021,12/8/2021,0.003080536,-0.003859286
12/9/2021,12/9/2021,-0.007206988,-0.057721556
12/10/2021,12/10/2021,0.009503769,-0.009035819
12/13/2021,12/13/2021,-0.009178158,-0.010764522
12/14/2021,12/14/2021,-0.007498723,-0.002674828
12/15/2021,12/15/2021,0.016216267,0.047838778
12/16/2021,12/16/2021,-0.008781863,-0.025504064
12/17/2021,12/17/2021,-0.010340965,-0.031180093
12/20/2021,12/20/2021,-0.011453398,0.014570846
12/21/2021,12/21/2021,0.017621755,0.042928793
12/22/2021,12/22/2021,0.010128728,-0.006315834
12/23/2021,12/23/2021,0.006204413,0.043381939
12/27/2021,12/27/2021,0.013744052,-0.002841928
12/28/2021,12/28/2021,-0.001010665,-0.062151427
12/29/2021,12/29/2021,0.001400913,-0.024336012
12/30/2021,12/30/2021,-0.002994234,0.015667739
12/31/2021,12/31/2021,-0.002629634,-0.018649173
1/3/2022,1/3/2022,0.006353824,0.003270042
1/4/2022,1/4/2022,-0.00062982,-0.012138935
1/5/2022,1/5/2022,-0.019583264,-0.052066288
1/6/2022,1/6/2022,-0.000964234,-0.009410297
1/7/2022,1/7/2022,-0.004058441,-0.037847989
1/10/2022,1/10/2022,-0.001442071,0.006317172
1/11/2022,1/11/2022,0.009118286,0.021633411
1/12/2022,1/12/2022,0.002813792,0.027993907
1/13/2022,1/13/2022,-0.014346029,-0.031375828
1/14/2022,1/14/2022,0.000819644,0.011859665
1/18/2022,1/18/2022,-0.018559105,-0.016942519
1/19/2022,1/19/2022,-0.009736791,-0.01500991
1/20/2022,1/20/2022,-0.011098742,-0.025816743
1/21/2022,1/21/2022,-0.019095995,-0.109604683
1/24/2022,1/24/2022,0.002767905,0.005389352
1/25/2022,1/25/2022,-0.012246591,0.008142487
1/26/2022,1/26/2022,-0.001497757,-0.002760824
1/27/2022,1/27/2022,-0.005398635,0.007733838
1/28/2022,1/28/2022,0.024055968,0.017247505
1/31/2022,1/31/2022,0.018709826,0.018325313
2/1/2022,2/1/2022,0.00683956,0.006737319
2/2/2022,2/2/2022,0.0093784,-0.04731074
2/3/2022,2/3/2022,-0.024693472,0.005441216
2/4/2022,2/4/2022,0.005143678,0.110626883
2/7/2022,2/7/2022,-0.003708581,0.054838636
2/8/2022,2/8/2022,0.008366113,0.006324809
2/9/2022,2/9/2022,0.014412842,0.004982114
2/10/2022,2/10/2022,-0.018281824,-0.017603394
2/11/2022,2/11/2022,-0.019151683,-0.026921126
2/14/2022,2/14/2022,-0.003847991,0.004211566
2/15/2022,2/15/2022,0.015643718,0.045630604
2/16/2022,2/16/2022,0.00088082,-0.013855295
2/17/2022,2/17/2022,-0.021400504,-0.081082331
2/18/2022,2/18/2022,-0.007191962,-0.012586526
2/22/2022,2/22/2022,-0.010194735,-0.04456856
2/23/2022,2/23/2022,-0.018583736,-0.026183635
2/24/2022,2/24/2022,0.014846105,0.02739958
2/25/2022,2/25/2022,0.022126081,0.022738451
2/28/2022,2/28/2022,-0.002445591,0.096644467
3/1/2022,3/1/2022,-0.015594468,0.02653338
3/2/2022,3/2/2022,0.018471047,-0.009753716
3/3/2022,3/3/2022,-0.005268521,-0.034094479
3/4/2022,3/4/2022,-0.007965685,-0.081285276
3/7/2022,3/7/2022,-0.029962587,-0.027866346
3/8/2022,3/8/2022,-0.007260044,0.017584738
3/9/2022,3/9/2022,0.025373598,0.080460833
3/10/2022,3/10/2022,-0.00430105,-0.062546857
3/11/2022,3/11/2022,-0.013046279,-0.016425482
3/14/2022,3/14/2022,-0.007448675,0.022222736
3/15/2022,3/15/2022,0.02118263,-0.008302472
3/16/2022,3/16/2022,0.022136922,0.044865468
3/17/2022,3/17/2022,0.012272205,-0.004690917
3/18/2022,3/18/2022,0.011594814,0.020538518
3/21/2022,3/21/2022,-0.000434755,-0.017451397
3/22/2022,3/22/2022,0.0112407,0.030703791
3/23/2022,3/23/2022,-0.01234863,0.012531246
3/24/2022,3/24/2022,0.014242012,0.024593726
3/25/2022,3/25/2022,0.005053381,0.008782716
3/28/2022,3/28/2022,0.007119551,0.060783304
3/29/2022,3/29/2022,0.012182044,0.0071406
3/30/2022,3/30/2022,-0.006313589,-0.008527995
3/31/2022,3/31/2022,-0.015776335,-0.03291801
4/1/2022,4/1/2022,0.003404421,0.016183454
4/4/2022,4/4/2022,0.008058383,0.007341591
4/5/2022,4/5/2022,-0.012631159,-0.023144861
4/6/2022,4/6/2022,-0.009764434,-0.052945705
4/7/2022,4/7/2022,0.004244366,0.006852924
4/8/2022,4/8/2022,-0.002654547,-0.028353972
4/11/2022,4/11/2022,-0.017021335,-0.067640406
4/12/2022,4/12/2022,-0.003423301,0.015198992
4/13/2022,4/13/2022,0.011112603,0.025576417
4/14/2022,4/14/2022,-0.01221848,-0.030364373
4/18/2022,4/18/2022,-0.000204889,0.022058352
4/19/2022,4/19/2022,0.015930045,0.016435294
4/20/2022,4/20/2022,-0.000618666,-0.003097868
4/21/2022,4/21/2022,-0.014862856,-0.02068444
4/22/2022,4/22/2022,-0.028132076,-0.019611085
4/25/2022,4/25/2022,0.005681765,0.017905729
4/26/2022,4/26/2022,-0.028550009,-0.059599557
4/27/2022,4/27/2022,0.002095849,0.029052735
4/28/2022,4/28/2022,0.024445655,0.013483907
4/29/2022,4/29/2022,-0.03695916,-0.029702354
5/2/2022,5/2/2022,0.005659199,-0.002087037
5/3/2022,5/3/2022,0.004825465,-0.020422242
5/4/2022,5/4/2022,0.029425222,0.050312678
5/5/2022,5/5/2022,-0.036300678,-0.081941365
5/6/2022,5/6/2022,-0.005690384,-0.01471378
5/9/2022,5/9/2022,-0.03256152,-0.173607861
5/10/2022,5/10/2022,0.002454882,0.023678692
5/11/2022,5/11/2022,-0.016600232,-0.069627064
5/12/2022,5/12/2022,-0.001296805,0.003842316
5/13/2022,5/13/2022,0.023589268,0.008069583
5/16/2022,5/16/2022,-0.003954209,0.019606831
5/17/2022,5/17/2022,0.01996892,0.018675311
5/18/2022,5/18/2022,-0.041233809,-0.057689623
5/19/2022,5/19/2022,-0.005850865,0.054017473
5/20/2022,5/20/2022,0.000146131,-0.03742661
5/23/2022,5/23/2022,0.018384995,-0.003493338
5/24/2022,5/24/2022,-0.008153951,0.018949782
5/25/2022,5/25/2022,0.009406386,-0.003148528
5/26/2022,5/26/2022,0.019688166,-0.0100337
5/27/2022,5/27/2022,0.02444113,-0.022097889
5/31/2022,5/31/2022,-0.006294135,0.104854067
6/1/2022,6/1/2022,-0.007510905,-0.064746931
6/2/2022,6/2/2022,0.018263225,0.022182634
6/3/2022,6/3/2022,-0.016482406,-0.02536529
6/6/2022,6/6/2022,0.003132489,0.054578572
6/7/2022,6/7/2022,0.009478332,-0.006883335
6/8/2022,6/8/2022,-0.010852623,-0.030672947
6/9/2022,6/9/2022,-0.024086458,-0.00339346
6/10/2022,6/10/2022,-0.029542415,-0.034742219
6/13/2022,6/13/2022,-0.039539932,-0.257226831
6/14/2022,6/14/2022,-0.003780818,-0.012556417
6/15/2022,6/15/2022,0.014487059,0.016349175
6/16/2022,6/16/2022,-0.033052207,-0.102112401
6/17/2022,6/17/2022,0.002198447,0.004397811
6/21/2022,6/21/2022,0.024182475,0.011612717
6/22/2022,6/22/2022,-0.00130242,-0.035562005
6/23/2022,6/23/2022,0.009487072,0.05351995
6/24/2022,6/24/2022,0.03010554,0.00688981
6/27/2022,6/27/2022,-0.0029775,-0.023647116
6/28/2022,6/28/2022,-0.020348673,-0.022179693
6/29/2022,6/29/2022,-0.000711999,-0.008746512
6/30/2022,6/30/2022,-0.008797866,-0.016009712
7/1/2022,7/1/2022,0.010498511,-0.026393612
7/5/2022,7/5/2022,0.001582875,0.046676497
7/6/2022,7/6/2022,0.003566796,0.017582449
7/7/2022,7/7/2022,0.014853723,0.051656393
7/8/2022,7/8/2022,-0.000830616,0.004313223
7/11/2022,7/11/2022,-0.011594418,-0.084486184
7/12/2022,7/12/2022,-0.009286868,-0.032915621
7/13/2022,7/13/2022,-0.004466864,0.04493676
7/14/2022,7/14/2022,-0.003003139,0.017549651
7/15/2022,7/15/2022,0.019019232,0.012868197
7/18/2022,7/18/2022,-0.008398742,0.076181075
7/19/2022,7/19/2022,0.027253518,0.039405282
7/20/2022,7/20/2022,0.005878494,-0.006765244
7/21/2022,7/21/2022,0.009813067,-0.002892622
7/22/2022,7/22/2022,-0.009376287,-0.019601946
7/25/2022,7/25/2022,0.001314303,-0.0614249
7/26/2022,7/26/2022,-0.011610343,-0.005725044
7/27/2022,7/27/2022,0.025820049,0.076595422
7/28/2022,7/28/2022,0.01206032,0.039057831
7/29/2022,7/29/2022,0.014107776,-0.001647645
8/1/2022,8/1/2022,-0.002827077,-0.020817634
8/2/2022,8/2/2022,-0.006684688,-0.014520247
8/3/2022,8/3/2022,0.015517456,-0.005744062
8/4/2022,8/4/2022,-0.000777642,-0.009479526
8/5/2022,8/5/2022,-0.001627069,0.028675899
8/8/2022,8/8/2022,-0.001238317,0.022089438
8/9/2022,8/9/2022,-0.004257744,-0.027470993
8/10/2022,8/10/2022,0.021067158,0.033256795
8/11/2022,8/11/2022,-0.000705723,0.000412762
8/12/2022,8/12/2022,0.017174047,0.018415982
8/15/2022,8/15/2022,0.003961684,-0.010953832
8/16/2022,8/16/2022,0.001873923,-0.010565706
8/17/2022,8/17/2022,-0.007264115,-0.023181945
8/18/2022,8/18/2022,0.00226699,-0.005295957
8/19/2022,8/19/2022,-0.012983929,-0.106026642
8/22/2022,8/22/2022,-0.021632366,0.024665352
8/23/2022,8/23/2022,-0.00224037,0.006018594
8/24/2022,8/24/2022,0.002911917,-0.006200333
8/25/2022,8/25/2022,0.013993242,0.009577017
8/26/2022,8/26/2022,-0.034268576,-0.064085717
8/29/2022,8/29/2022,-0.006688675,0.001872608
8/30/2022,8/30/2022,-0.011089416,-0.025001328
8/31/2022,8/31/2022,-0.007847738,0.012696624
9/1/2022,9/1/2022,0.002991752,0.003851817
9/2/2022,9/2/2022,-0.010794553,-0.00784948
9/6/2022,9/6/2022,-0.004103465,-0.058361224
9/7/2022,9/7/2022,0.018174849,0.023745154
9/8/2022,9/8/2022,0.006588967,0.00204607
9/9/2022,9/9/2022,0.015156015,0.100860098
9/12/2022,9/12/2022,0.010528651,0.045231054
9/13/2022,9/13/2022,-0.044199163,-0.097282199
9/14/2022,9/14/2022,0.003381289,-0.002743969
9/15/2022,9/15/2022,-0.011382272,-0.027034586
9/16/2022,9/16/2022,-0.00720805,0.003616228
9/19/2022,9/19/2022,0.006833698,-0.011621401
9/20/2022,9/20/2022,-0.011336115,-0.034000478
9/21/2022,9/21/2022,-0.017264674,-0.018344814
9/22/2022,9/22/2022,-0.008463294,0.045641678
9/23/2022,9/23/2022,-0.017382829,-0.005988576
9/26/2022,9/26/2022,-0.010394361,-0.003892331
9/27/2022,9/27/2022,-0.002122611,-0.005850034
9/28/2022,9/28/2022,0.019481144,0.016409099
9/29/2022,9/29/2022,-0.021352795,0.007504186
9/30/2022,9/30/2022,-0.015181352,-0.007243323
10/3/2022,10/3/2022,0.025554578,0.009821572
10/4/2022,10/4/2022,0.030125341,0.035702296
10/5/2022,10/5/2022,-0.002019988,-0.008698206
10/6/2022,10/6/2022,-0.010297923,-0.010234042
10/7/2022,10/7/2022,-0.028403197,-0.020687828
10/10/2022,10/10/2022,-0.007520673,-0.020956192
10/11/2022,10/11/2022,-0.006540518,-0.004716404
10/12/2022,10/12/2022,-0.0032962,0.005549896
10/13/2022,10/13/2022,0.025634259,0.011700027
10/14/2022,10/14/2022,-0.023947121,-0.010228526
10/17/2022,10/17/2022,0.026135525,0.018851119
10/18/2022,10/18/2022,0.011362768,-0.011127327
10/19/2022,10/19/2022,-0.006694455,-0.010130622
10/20/2022,10/20/2022,-0.007982687,-0.004492679
10/21/2022,10/21/2022,0.02344776,0.006211911
10/24/2022,10/24/2022,0.01181194,0.008988239
10/25/2022,10/25/2022,0.01613577,0.038050126
10/26/2022,10/26/2022,-0.00741514,0.033017194
10/27/2022,10/27/2022,-0.006101185,-0.023607984
10/28/2022,10/28/2022,0.024328037,0.015142493
10/31/2022,10/31/2022,-0.007482327,-0.004846707
11/1/2022,11/1/2022,-0.004109664,-0.000512432
11/2/2022,11/2/2022,-0.025319844,-0.016030424
11/3/2022,11/3/2022,-0.010642423,0.002501116
11/4/2022,11/4/2022,0.013526823,0.045331998
11/7/2022,11/7/2022,0.009568062,-0.026081165
11/8/2022,11/8/2022,0.005582283,-0.105428647
11/9/2022,11/9/2022,-0.020996785,-0.154889548
11/10/2022,11/10/2022,0.053952516,0.102037409
11/11/2022,11/11/2022,0.009198312,-0.031918454
11/14/2022,11/14/2022,-0.008975941,-0.024730112
11/15/2022,11/15/2022,0.008675376,0.015904317
11/16/2022,11/16/2022,-0.008286283,-0.01282568
11/17/2022,11/17/2022,-0.003094105,0.001083919
11/18/2022,11/18/2022,0.004747296,0.000614628
11/21/2022,11/21/2022,-0.00389125,-0.0560708
11/22/2022,11/22/2022,0.013488606,0.025174715
11/23/2022,11/23/2022,0.005897266,0.025667957
11/25/2022,11/25/2022,-0.000283084,-0.005364239
11/28/2022,11/28/2022,-0.015564697,-0.018603304
11/29/2022,11/29/2022,-0.001593134,0.013940464
11/30/2022,11/30/2022,0.030478644,0.043059767
12/1/2022,12/1/2022,-0.00086801,-0.011802069
12/2/2022,12/2/2022,-0.001195375,0.007136986
12/5/2022,12/5/2022,-0.01805625,-0.006683662
12/6/2022,12/6/2022,-0.014503869,0.006733035
12/7/2022,12/7/2022,-0.001864107,-0.014224978
12/8/2022,12/8/2022,0.007493634,0.0226142
12/9/2022,12/9/2022,-0.007376719,-0.005838371
12/12/2022,12/12/2022,0.014178307,0.004268267
12/13/2022,12/13/2022,0.007263223,0.032864789
12/14/2022,12/14/2022,-0.006071117,0.001928931
12/15/2022,12/15/2022,-0.025237478,-0.025628381
12/16/2022,12/16/2022,-0.01120024,-0.042189809
12/19/2022,12/19/2022,-0.009048329,-0.012561211
12/20/2022,12/20/2022,0.001036801,0.027988705
12/21/2022,12/21/2022,0.014758549,-0.005264509
12/22/2022,12/22/2022,-0.014557142,0.000761215
12/23/2022,12/23/2022,0.005850952,-0.001985808
12/27/2022,12/27/2022,-0.004057844,-0.004760944
12/28/2022,12/28/2022,-0.01209347,-0.00989505
12/29/2022,12/29/2022,0.017310634,0.005408645
12/30/2022,12/30/2022,-0.002543976,-0.002391696
1/3/2023,1/3/2023,-0.004008572,0.004643386
1/4/2023,1/4/2023,0.007510695,0.010934154
1/5/2023,1/5/2023,-0.011713869,-0.001572818
1/6/2023,1/6/2023,0.022583836,0.006820792
1/9/2023,1/9/2023,-0.000767927,0.014325077
1/10/2023,1/10/2023,0.006953998,0.014418134
1/11/2023,1/11/2023,0.012767571,0.02762115
1/12/2023,1/12/2023,0.003410085,0.05080318
1/13/2023,1/13/2023,0.003988892,0.053649213
1/17/2023,1/17/2023,-0.002032555,0.060983683
1/18/2023,1/18/2023,-0.015684967,-0.022592831
1/19/2023,1/19/2023,-0.007667672,0.019055334
1/20/2023,1/20/2023,0.018741674,0.072684553
1/23/2023,1/23/2023,0.011811316,0.011307875
1/24/2023,1/24/2023,-0.000711756,-0.013077079
1/25/2023,1/25/2023,-0.000181742,0.021043185
1/26/2023,1/26/2023,0.010947708,-0.003687149
1/27/2023,1/27/2023,0.002491734,0.001993046
1/30/2023,1/30/2023,-0.013053569,-0.010391894
1/31/2023,1/31/2023,0.014536304,0.013012289
2/1/2023,2/1/2023,0.010398056,0.024945735
2/2/2023,2/2/2023,0.014592385,-0.01067475
2/3/2023,2/3/2023,-0.010408593,-0.000961136
2/6/2023,2/6/2023,-0.006159393,-0.029832178
2/7/2023,2/7/2023,0.012790364,0.021910196
2/8/2023,2/8/2023,-0.011142573,-0.014063722
2/9/2023,2/9/2023,-0.00886901,-0.050072948
2/10/2023,2/10/2023,0.002192856,-0.007722818
2/13/2023,2/13/2023,0.01138357,0.00722141
2/14/2023,2/14/2023,-0.000280454,0.018747466
2/15/2023,2/15/2023,0.002769338,0.089770008
2/16/2023,2/16/2023,-0.013884689,-0.028558101
2/17/2023,2/17/2023,-0.002771242,0.039106249
2/21/2023,2/21/2023,-0.020244784,-0.005275232
2/22/2023,2/22/2023,-0.001574795,-0.010180397
2/23/2023,2/23/2023,0.005315278,-0.010027917
2/24/2023,2/24/2023,-0.010593465,-0.031792067
2/27/2023,2/27/2023,0.003068293,0.013901645
2/28/2023,2/28/2023,-0.00304062,-0.016092731
3/1/2023,3/1/2023,-0.004736464,0.021336805
3/2/2023,3/2/2023,0.007553594,-0.00726135
3/3/2023,3/3/2023,0.016018749,-0.048562426
3/6/2023,3/6/2023,0.000686931,0.002995067
3/7/2023,3/7/2023,-0.01544559,-0.009406139
3/8/2023,3/8/2023,0.001413794,-0.022837315
3/9/2023,3/9/2023,-0.018631858,-0.064424513
3/10/2023,3/10/2023,-0.014583969,-0.008669657
3/13/2023,3/13/2023,-0.001510902,0.181199767
3/14/2023,3/14/2023,0.016342388,0.022416165
3/15/2023,3/15/2023,-0.007005364,-0.01506942
3/16/2023,3/16/2023,0.017409576,0.027387722
3/17/2023,3/17/2023,-0.011080621,0.090430817
3/20/2023,3/20/2023,0.00887887,0.012440798
3/21/2023,3/21/2023,0.012898648,0.014607259
3/22/2023,3/22/2023,-0.016600249,-0.031304935
3/23/2023,3/23/2023,0.002980084,0.036902431
3/24/2023,3/24/2023,0.005623963,-0.030119733
3/27/2023,3/27/2023,0.0016456,-0.012937246
3/28/2023,3/28/2023,-0.001575083,0.0047141
3/29/2023,3/29/2023,0.014136871,0.038853399
3/30/2023,3/30/2023,0.005698999,-0.011169599
3/31/2023,3/31/2023,0.014333328,0.015746415
4/3/2023,4/3/2023,0.003692023,-0.024464682
4/4/2023,4/4/2023,-0.00581384,0.013505586
4/5/2023,4/5/2023,-0.002495482,0.000351206
4/6/2023,4/6/2023,0.003572773,-0.004761257
4/10/2023,4/10/2023,0.000995807,0.055782922
4/11/2023,4/11/2023,-4.14E-05,0.01943949
4/12/2023,4/12/2023,-0.004143456,-0.003180368
4/13/2023,4/13/2023,0.01317551,0.008590134
4/14/2023,4/14/2023,-0.002071518,0.002845798
4/17/2023,4/17/2023,0.003300704,-0.034732054
4/18/2023,4/18/2023,0.000854855,0.031836461
4/19/2023,4/19/2023,-8.43E-05,-0.053199537
4/20/2023,4/20/2023,-0.005970335,-0.020211127
4/21/2023,4/21/2023,0.000902781,-0.034910877
4/24/2023,4/24/2023,0.000851217,0.009066467
4/25/2023,4/25/2023,-0.015937184,0.028023208
4/26/2023,4/26/2023,-0.003848584,0.004057926
4/27/2023,4/27/2023,0.019377193,0.036313133
4/28/2023,4/28/2023,0.008219331,-0.004540603
5/1/2023,5/1/2023,-0.000386181,-0.04349122
5/2/2023,5/2/2023,-0.011653907,0.02074927
5/3/2023,5/3/2023,-0.007022908,0.011294601
5/4/2023,5/4/2023,-0.007244913,-0.005482698
5/5/2023,5/5/2023,0.018306166,0.023524524
5/8/2023,5/8/2023,0.000452026,-0.064329513
5/9/2023,5/9/2023,-0.004589939,-0.001282605
5/10/2023,5/10/2023,0.004473942,-0.001339334
5/11/2023,5/11/2023,-0.001698065,-0.022737628
5/12/2023,5/12/2023,-0.001584562,-0.007278017
5/15/2023,5/15/2023,0.002953798,0.014360238
5/16/2023,5/16/2023,-0.006398108,-0.005754943
5/17/2023,5/17/2023,0.011820689,0.013305949
5/18/2023,5/18/2023,0.009400723,-0.020896323
5/19/2023,5/19/2023,-0.001446914,0.00215627
5/22/2023,5/22/2023,0.000155023,-0.001445871
5/23/2023,5/23/2023,-0.011285469,0.013848963
5/24/2023,5/24/2023,-0.007345513,-0.0332704
5/25/2023,5/25/2023,0.008719456,0.005354526
5/26/2023,5/26/2023,0.012964681,0.009139333
5/30/2023,5/30/2023,1.66E-05,0.036131419
5/31/2023,5/31/2023,-0.006127358,-0.017577793
6/1/2023,6/1/2023,0.009806215,-0.014792582
6/2/2023,6/2/2023,0.014429812,0.015891611
6/5/2023,6/5/2023,-0.002005591,-0.056211777
6/6/2023,6/6/2023,0.00235113,0.055815119
6/7/2023,6/7/2023,-0.003819294,-0.033325424
6/8/2023,6/8/2023,0.006169572,0.006138366
6/9/2023,6/9/2023,0.001147401,-0.00105086
6/12/2023,6/12/2023,0.009277975,-0.022064403
6/13/2023,6/13/2023,0.006908571,0.000626327
6/14/2023,6/14/2023,0.00081909,-0.031115354
6/15/2023,6/15/2023,0.01210458,0.017819375
6/16/2023,6/16/2023,-0.003678376,0.028942773
6/20/2023,6/20/2023,-0.004746354,0.07322004
6/21/2023,6/21/2023,-0.005259086,0.058274213
6/22/2023,6/22/2023,0.00370393,-0.003837724
6/23/2023,6/23/2023,-0.007688288,0.025845906
6/26/2023,6/26/2023,-0.004496934,-0.013920565
6/27/2023,6/27/2023,0.011390734,0.013682563
6/28/2023,6/28/2023,-0.000354139,-0.019808918
6/29/2023,6/29/2023,0.004463568,0.011865198
6/30/2023,6/30/2023,0.01219435,0.001047243
7/3/2023,7/3/2023,0.001169993,0.02204038
7/5/2023,7/5/2023,-0.001970258,-0.020829913
7/6/2023,7/6/2023,-0.007954061,-0.0200203
7/7/2023,7/7/2023,-0.002869213,0.01437091
7/10/2023,7/10/2023,0.002402139,0.002376859
7/11/2023,7/11/2023,0.006719584,0.006765948
7/12/2023,7/12/2023,0.007383905,-0.00751667
7/13/2023,7/13/2023,0.008434483,0.035059118
7/14/2023,7/14/2023,-0.001024932,-0.036955453
7/17/2023,7/17/2023,0.00384797,-0.006222898
7/18/2023,7/18/2023,0.007092067,-0.009643886
7/19/2023,7/19/2023,0.002355135,0.001919387
7/20/2023,7/20/2023,-0.006779827,-0.004083626
7/21/2023,7/21/2023,0.000324042,0.003910458
7/24/2023,7/24/2023,0.004026038,-0.024773035
7/25/2023,7/25/2023,0.00281072,0.001728455
7/26/2023,7/26/2023,-0.000155451,0.004355653
7/27/2023,7/27/2023,-0.006445393,-0.004927239
7/28/2023,7/28/2023,0.009829376,0.003709444
7/31/2023,7/31/2023,0.001467635,-0.003044776
8/1/2023,8/1/2023,-0.002668645,0.015130234
8/2/2023,8/2/2023,-0.013936201,-0.017807508
8/3/2023,8/3/2023,-0.002551225,0.000916181
8/4/2023,8/4/2023,-0.005314169,-0.003590834
8/7/2023,8/7/2023,0.008983619,0.003655894
8/8/2023,8/8/2023,-0.004227205,0.019846387
8/9/2023,8/9/2023,-0.007063619,-0.006877101
8/10/2023,8/10/2023,0.000250683,-0.004471949
8/11/2023,8/11/2023,-0.001070265,-0.001083747
8/14/2023,8/14/2023,0.005734005,0.000364877
8/15/2023,8/15/2023,-0.011618139,-0.00812912
8/16/2023,8/16/2023,-0.007584082,-0.016193585
8/17/2023,8/17/2023,-0.007742811,-0.07362412
8/18/2023,8/18/2023,-0.000148718,-0.023334249
8/21/2023,8/21/2023,0.006855635,0.002859067
8/22/2023,8/22/2023,-0.002781331,-0.00354647
8/23/2023,8/23/2023,0.010984331,0.015248456
8/24/2023,8/24/2023,-0.013549354,-0.010239566
8/25/2023,8/25/2023,0.006695501,-0.004393992
8/28/2023,8/28/2023,0.006245079,0.002242691
8/29/2023,8/29/2023,0.014404069,0.060249893
8/30/2023,8/30/2023,0.003825854,-0.015634289
8/31/2023,8/31/2023,-0.001598213,-0.051329145
9/1/2023,9/1/2023,0.001797513,-0.005054814
9/5/2023,9/5/2023,-0.004202998,-0.000804262
9/6/2023,9/6/2023,-0.006996014,-0.001038014
9/7/2023,9/7/2023,-0.003216433,0.018732106
9/8/2023,9/8/2023,0.001425606,-0.01283115
9/11/2023,9/11/2023,0.006700951,-0.029100335
9/12/2023,9/12/2023,-0.005712169,0.026305128
9/13/2023,9/13/2023,0.001240862,0.015173853
9/14/2023,9/14/2023,0.008394586,0.011800835
9/15/2023,9/15/2023,-0.012234146,0.002597241
9/18/2023,9/18/2023,0.000721028,0.005456527
9/19/2023,9/19/2023,-0.002153327,0.016931103
9/20/2023,9/20/2023,-0.009439204,-0.002911479
9/21/2023,9/21/2023,-0.016536918,-0.021020468
9/22/2023,9/22/2023,-0.002298237,0.000449151
9/25/2023,9/25/2023,0.004014994,-0.010631653
9/26/2023,9/26/2023,-0.014844165,-0.00309357
9/27/2023,9/27/2023,0.000229288,0.005153783
9/28/2023,9/28/2023,0.005875877,0.025063206
9/29/2023,9/29/2023,-0.00271326,-0.004072675
10/2/2023,10/2/2023,7.94E-05,0.022742933
10/3/2023,10/3/2023,-0.013839396,-0.003668317
10/4/2023,10/4/2023,0.008077048,0.013377719
10/5/2023,10/5/2023,-0.001304881,-0.013890662
10/6/2023,10/6/2023,0.011745642,0.019171884
10/9/2023,10/9/2023,0.006284068,-0.013071251
10/10/2023,10/10/2023,0.005194476,-0.007009006
10/11/2023,10/11/2023,0.00428382,-0.019081221
10/12/2023,10/12/2023,-0.006266025,-0.004345382
10/13/2023,10/13/2023,-0.005031496,0.003938006
10/16/2023,10/16/2023,0.010538642,0.059860291
10/17/2023,10/17/2023,-9.82E-05,-0.003643399
10/18/2023,10/18/2023,-0.013490408,-0.00308072
10/19/2023,10/19/2023,-0.008519032,0.013724231
10/20/2023,10/20/2023,-0.012665149,0.032985769
10/23/2023,10/23/2023,-0.001686992,0.108544535
10/24/2023,10/24/2023,0.007239524,0.024342752
10/25/2023,10/25/2023,-0.014443435,0.017581001
10/26/2023,10/26/2023,-0.011903081,-0.010083818
10/27/2023,10/27/2023,-0.004811839,-0.007253169
10/30/2023,10/30/2023,0.011938474,0.017323741
10/31/2023,10/31/2023,0.006454085,0.004782939
11/1/2023,11/1/2023,0.010451195,0.021952876
11/2/2023,11/2/2023,0.018682939,-0.014181643
11/3/2023,11/3/2023,0.009349884,-0.005911207
11/6/2023,11/6/2023,0.001751458,0.00874445
11/7/2023,11/7/2023,0.002836093,0.011526405
11/8/2023,11/8/2023,0.001004411,0.005955525
11/9/2023,11/9/2023,-0.008116691,0.02869224
11/10/2023,11/10/2023,0.015495759,0.016778346
11/13/2023,11/13/2023,-0.000836188,-0.021990962
11/14/2023,11/14/2023,0.01889537,-0.026784358
11/15/2023,11/15/2023,0.001595738,0.063846199
11/16/2023,11/16/2023,0.001189719,-0.046629756
11/17/2023,11/17/2023,0.001281228,0.012148747
11/20/2023,11/20/2023,0.007363104,0.023768641
11/21/2023,11/21/2023,-0.002022976,-0.045392622
11/22/2023,11/22/2023,0.004052905,0.044201389
11/24/2023,11/24/2023,0.000596696,0.007662882
11/27/2023,11/27/2023,-0.001956069,-0.012434084
11/28/2023,11/28/2023,0.000979639,0.015367314
11/29/2023,11/29/2023,-0.000946697,0.000724175
11/30/2023,11/30/2023,0.003776931,-0.003857189
12/1/2023,12/1/2023,0.005856559,0.02555073
12/4/2023,12/4/2023,-0.005423188,0.081646781
12/5/2023,12/5/2023,-0.000569032,0.048825235
12/6/2023,12/6/2023,-0.003913852,-0.007610516
12/7/2023,12/7/2023,0.007936611,-0.01042716
12/8/2023,12/8/2023,0.004087134,0.019985683
12/11/2023,12/11/2023,0.003916814,-0.068467308
12/12/2023,12/12/2023,0.004588813,0.004991678
12/13/2023,12/13/2023,0.013558345,0.03416275
12/14/2023,12/14/2023,0.002643565,0.003101461
12/15/2023,12/15/2023,-7.63E-05,-0.025761679
12/18/2023,12/18/2023,0.004518122,0.016410876
12/19/2023,12/19/2023,0.005849267,-0.008316571
12/20/2023,12/20/2023,-0.014793148,0.032164737
12/21/2023,12/21/2023,0.010248769,0.004956566
12/22/2023,12/22/2023,0.001658682,0.002930566
12/26/2023,12/26/2023,0.004222761,-0.034157943
12/27/2023,12/27/2023,0.001429436,0.021462391
12/28/2023,12/28/2023,0.000370106,-0.018938483
12/29/2023,12/29/2023,-0.002830477,-0.012474379
1/2/2024,1/2/2024,-0.005676661,0.065694481
1/3/2024,1/3/2024,-0.008048618,-0.048064954
1/4/2024,1/4/2024,-0.003434272,0.030607358
1/5/2024,1/5/2024,0.001824022,-0.000390083
1/8/2024,1/8/2024,0.014015945,0.061639481
1/9/2024,1/9/2024,-0.001478994,-0.017845417
1/10/2024,1/10/2024,0.005649981,0.010522033
1/11/2024,1/11/2024,-0.000671281,-0.005574241
1/12/2024,1/12/2024,0.000750694,-0.078842629
1/16/2024,1/16/2024,-0.003738319,0.007017445
1/17/2024,1/17/2024,-0.005632731,-0.009599713
1/18/2024,1/18/2024,0.008766721,-0.035253906
1/19/2024,1/19/2024,0.012238308,0.008599128
1/22/2024,1/22/2024,0.002191921,-0.052055362
1/23/2024,1/23/2024,0.002917115,0.008523584
1/24/2024,1/24/2024,0.000811599,0.005793706
1/25/2024,1/25/2024,0.005246578,-0.003581157
1/26/2024,1/26/2024,-0.000651998,0.046076574
1/29/2024,1/29/2024,0.007528366,0.034581273
1/30/2024,1/30/2024,-0.00060083,-0.007783745
1/31/2024,1/31/2024,-0.016236852,-0.008651553
2/1/2024,2/1/2024,0.012416286,0.01151489
2/2/2024,2/2/2024,0.010627771,0.002552375
2/5/2024,2/5/2024,-0.003191425,-0.012282624
2/6/2024,2/6/2024,0.002307746,0.009936805
2/7/2024,2/7/2024,0.008207683,0.028228646
2/8/2024,2/8/2024,0.000570421,0.021945671
2/9/2024,2/9/2024,0.005725917,0.039932995
2/12/2024,2/12/2024,-0.000949404,0.057912503
2/13/2024,2/13/2024,-0.013768609,-0.004328589
2/14/2024,2/14/2024,0.009534168,0.04104685
2/15/2024,2/15/2024,0.005804373,0.002156009
2/16/2024,2/16/2024,-0.004815044,0.004258433
2/20/2024,2/20/2024,-0.006023426,0.00238732
2/21/2024,2/21/2024,0.001263401,-0.008560904
2/22/2024,2/22/2024,0.020902889,-0.010358548
2/23/2024,2/23/2024,0.000347887,-0.011231806
2/26/2024,2/26/2024,-0.003793939,0.072055795
2/27/2024,2/27/2024,0.001704896,0.045936216
2/28/2024,2/28/2024,-0.001659531,0.090695293
2/29/2024,2/29/2024,0.00521547,-0.021122414
3/1/2024,3/1/2024,0.007975936,0.020095466
3/4/2024,3/4/2024,-0.001193975,0.090138738
3/5/2024,3/5/2024,-0.010245406,-0.068582982
3/6/2024,3/6/2024,0.005127933,0.0354997
3/7/2024,3/7/2024,0.010251402,0.01230814
3/8/2024,3/8/2024,-0.006549923,0.020331312
3/11/2024,3/11/2024,-0.001122868,0.054474421
3/12/2024,3/12/2024,0.011139513,-0.008949836
3/13/2024,3/13/2024,-0.001926384,0.022166899
3/14/2024,3/14/2024,-0.002875221,-0.023352461
3/15/2024,3/15/2024,-0.006504023,-0.028308923
3/18/2024,3/18/2024,0.006298184,-0.027093992
3/19/2024,3/19/2024,0.005633253,-0.087120732
3/20/2024,3/20/2024,0.008864766,0.092510853
3/21/2024,3/21/2024,0.003231309,-0.036318674
3/22/2024,3/22/2024,-0.001403172,-0.026498447
3/25/2024,3/25/2024,-0.00305964,0.09248643
3/26/2024,3/26/2024,-0.002803722,0.000414779
3/27/2024,3/27/2024,0.008593596,-0.007637445
3/28/2024,3/28/2024,0.001115863,0.01839719
4/1/2024,4/1/2024,-0.002015615,-0.014850059
4/2/2024,4/2/2024,-0.007265388,-0.062990904
4/3/2024,4/3/2024,0.001090528,0.008123743
4/4/2024,4/4/2024,-0.012411036,0.037598863
4/5/2024,4/5/2024,0.01103805,-0.00984563
4/8/2024,4/8/2024,-0.000374701,0.054415746
4/9/2024,4/9/2024,0.001444449,-0.035413761
4/10/2024,4/10/2024,-0.009501982,0.020739301
4/11/2024,4/11/2024,0.007417222,-0.007497783
4/12/2024,4/12/2024,-0.014657588,-0.04174897
4/15/2024,4/15/2024,-0.012094196,-0.057734548
4/16/2024,4/16/2024,-0.002058625,0.00606192
4/17/2024,4/17/2024,-0.005797375,-0.040539585
4/18/2024,4/18/2024,-0.002210602,0.035841202
4/19/2024,4/19/2024,-0.00879713,0.005195143
4/22/2024,4/22/2024,0.008693351,0.045831111
4/23/2024,4/23/2024,0.011893567,-0.006460398
4/24/2024,4/24/2024,0.000212987,-0.032606301
4/25/2024,4/25/2024,-0.004586934,0.003181283
4/26/2024,4/26/2024,0.010157381,-0.011328935
4/29/2024,4/29/2024,0.003173408,0.001344878
4/30/2024,4/30/2024,-0.015855551,-0.05149463
5/1/2024,5/1/2024,-0.003441353,-0.040089923
5/2/2024,5/2/2024,0.009087025,0.014814393
5/3/2024,5/3/2024,0.012478558,0.061757206
5/6/2024,5/6/2024,0.010273174,0.004317491
5/7/2024,5/7/2024,0.001342528,-0.01318193
5/8/2024,5/8/2024,-5.84E-06,-0.018569986
5/9/2024,5/9/2024,0.005078033,0.029977309
5/10/2024,5/10/2024,0.00164804,-0.036456455
5/13/2024,5/13/2024,-0.000241333,0.034098215
5/14/2024,5/14/2024,0.004826149,-0.021674038
5/15/2024,5/15/2024,0.011647828,0.073804298
5/16/2024,5/16/2024,-0.002083837,-0.015755724
5/17/2024,5/17/2024,0.001164096,0.027522835
5/20/2024,5/20/2024,0.00091597,0.063506072
5/21/2024,5/21/2024,0.00249875,-0.018528857
5/22/2024,5/22/2024,-0.002709791,-0.01456587
5/23/2024,5/23/2024,-0.007408162,-0.017406597
5/24/2024,5/24/2024,0.006976649,0.008743395
5/28/2024,5/28/2024,0.000248771,-0.003360315
5/29/2024,5/29/2024,-0.007394317,-0.010570529
5/30/2024,5/30/2024,-0.005992958,0.01157701
5/31/2024,5/31/2024,0.007995824,-0.012860493
6/3/2024,6/3/2024,0.00111546,0.019272847
6/4/2024,6/4/2024,0.001501681,0.025300225
6/5/2024,6/5/2024,0.011778016,0.007272218
6/6/2024,6/6/2024,-0.000199837,-0.00459189
6/7/2024,6/7/2024,-0.001115842,-0.020194557
6/10/2024,6/10/2024,0.00257753,0.002444212
6/11/2024,6/11/2024,0.002706715,-0.031867375
6/12/2024,6/12/2024,0.00846772,0.013412234
6/13/2024,6/13/2024,0.002341911,-0.021998155
6/14/2024,6/14/2024,-0.000393938,-0.011227334
6/17/2024,6/17/2024,0.007635164,0.00723321
6/18/2024,6/18/2024,0.002518154,-0.020505772
6/20/2024,6/20/2024,-0.002529127,-0.004802522
6/21/2024,6/21/2024,-0.001563352,-0.011362664
6/24/2024,6/24/2024,-0.003069879,-0.061427594
6/25/2024,6/25/2024,0.003925874,0.025020979
6/26/2024,6/26/2024,0.001571196,-0.016203198
6/27/2024,6/27/2024,0.00090691,0.012964548
6/28/2024,6/28/2024,-0.004092013,-0.021073812
7/1/2024,7/1/2024,0.002671991,0.041116455
7/2/2024,7/2/2024,0.006176206,-0.013180176
7/3/2024,7/3/2024,0.005071562,-0.030363203
7/5/2024,7/5/2024,0.005433974,-0.060128657
7/8/2024,7/8/2024,0.001016182,0.000753702
7/9/2024,7/9/2024,0.000740797,0.022737964
7/10/2024,7/10/2024,0.010156315,-0.004608673
7/11/2024,7/11/2024,-0.00880165,-0.006909246
7/12/2024,7/12/2024,0.005501864,0.009623985
7/15/2024,7/15/2024,0.002822216,0.113679474
7/16/2024,7/16/2024,0.00636905,0.00349313
7/17/2024,7/17/2024,-0.014025442,-0.015143242
7/18/2024,7/18/2024,-0.007847112,-0.002259714
7/19/2024,7/19/2024,-0.007165879,0.04187942
7/22/2024,7/22/2024,0.010734217,0.013032555
7/23/2024,7/23/2024,-0.001559318,-0.024831504
7/24/2024,7/24/2024,-0.023421242,-0.008462197
7/25/2024,7/25/2024,-0.005155889,0.006177614
7/26/2024,7/26/2024,0.01102942,0.031939992
7/29/2024,7/29/2024,0.00081298,-0.016212519
7/30/2024,7/30/2024,-0.004972514,-0.009305346
7/31/2024,7/31/2024,0.015669981,-0.024183451
8/1/2024,8/1/2024,-0.013788124,0.011359846
8/2/2024,8/2/2024,-0.018552907,-0.062217014
8/5/2024,8/5/2024,-0.030427041,-0.128829355
8/6/2024,8/6/2024,0.010300849,0.037138465
8/7/2024,8/7/2024,-0.007764715,-0.018131946
8/8/2024,8/8/2024,0.02278114,0.114615857
8/9/2024,8/9/2024,0.004660798,-0.013541634
8/12/2024,8/12/2024,4.30E-05,-0.025378371
8/13/2024,8/13/2024,0.016707233,0.020924539
8/14/2024,8/14/2024,0.003816437,-0.031378301
8/15/2024,8/15/2024,0.01600449,-0.020244862
8/16/2024,8/16/2024,0.001987802,0.02291143
8/19/2024,8/19/2024,0.009675327,0.010125266
8/20/2024,8/20/2024,-0.001986527,-0.008112025
8/21/2024,8/21/2024,0.004230715,0.035987488
8/22/2024,8/22/2024,-0.008972942,-0.013052114
8/23/2024,8/23/2024,0.011417937,0.059666678
8/26/2024,8/26/2024,-0.00315871,-0.019117655
8/27/2024,8/27/2024,0.001593925,-0.055192878
8/28/2024,8/28/2024,-0.005993901,-0.008040215
8/29/2024,8/29/2024,-3.94E-05,0.006089657
8/30/2024,8/30/2024,0.010042457,-0.004534789
9/3/2024,9/3/2024,-0.021377963,-0.028975787
9/4/2024,9/4/2024,-0.001603829,0.009367549
9/5/2024,9/5/2024,-0.003022581,-0.03173873
9/6/2024,9/6/2024,-0.017410945,-0.04017886
9/9/2024,9/9/2024,0.011513534,0.055359337
9/10/2024,9/10/2024,0.0044627,0.010973955
9/11/2024,9/11/2024,0.010608556,-0.00531411
9/12/2024,9/12/2024,0.007467352,0.013576698
9/13/2024,9/13/2024,0.005393142,0.041190723
9/16/2024,9/16/2024,0.001255841,-0.040064582
9/17/2024,9/17/2024,0.000264515,0.035717089
9/18/2024,9/18/2024,-0.002900659,0.021994331
9/19/2024,9/19/2024,0.016834357,0.020721119
9/20/2024,9/20/2024,-0.001942914,0.004004012
9/23/2024,9/23/2024,0.002805334,0.00216284
9/24/2024,9/24/2024,0.002508031,0.015234244
9/25/2024,9/25/2024,-0.001862983,-0.018185965
9/26/2024,9/26/2024,0.004030542,0.031764031
9/27/2024,9/27/2024,-0.001254003,0.00930963
9/30/2024,9/30/2024,0.004227604,-0.038126689
10/1/2024,10/1/2024,-0.009367849,-0.04015297
10/2/2024,10/2/2024,0.000138381,-0.003362529
10/3/2024,10/3/2024,-0.001682829,0.002086085
10/4/2024,10/4/2024,0.008930256,0.021300284
10/7/2024,10/7/2024,-0.009632264,0.002722093
10/8/2024,10/8/2024,0.009642707,-0.001683567
10/9/2024,10/9/2024,0.007088231,-0.025261155
10/10/2024,10/10/2024,-0.002072269,-0.005090367
10/11/2024,10/11/2024,0.006033609,0.035378479
10/14/2024,10/14/2024,0.007678115,0.056065753
10/15/2024,10/15/2024,-0.007638566,0.014952642
10/16/2024,10/16/2024,0.004668233,0.008490109
10/17/2024,10/17/2024,-0.000171175,-0.003153529
10/18/2024,10/18/2024,0.003963687,0.015004897
10/21/2024,10/21/2024,-0.001824433,-0.015479556
10/22/2024,10/22/2024,-0.000474967,-9.57E-05
10/23/2024,10/23/2024,-0.009233824,-0.013890438
10/24/2024,10/24/2024,0.002143473,0.025691548
10/25/2024,10/25/2024,-0.000299492,-0.022532133
10/28/2024,10/28/2024,0.002647935,0.047835405
10/29/2024,10/29/2024,0.001612826,0.039446591
10/30/2024,10/30/2024,-0.003305692,-0.005252363
10/31/2024,10/31/2024,-0.018790135,-0.029806221
11/1/2024,11/1/2024,0.004084158,-0.010490161
11/4/2024,11/4/2024,-0.002816045,-0.02434256
11/5/2024,11/5/2024,0.012191031,0.022572112
11/6/2024,11/6/2024,0.024981281,0.086669031
11/7/2024,11/7/2024,0.007403754,0.00350765
11/8/2024,11/8/2024,0.003749794,0.008404323
11/11/2024,11/11/2024,0.000968594,0.147391595
11/12/2024,11/12/2024,-0.002896851,-0.008442066
11/13/2024,11/13/2024,0.000232201,0.02944485
11/14/2024,11/14/2024,-0.006068109,-0.037496922
11/15/2024,11/15/2024,-0.013291431,0.042802118
11/18/2024,11/18/2024,0.00391016,-0.005763697
11/19/2024,11/19/2024,0.003955751,0.019697543
11/20/2024,11/20/2024,2.20E-05,0.021381445
11/21/2024,11/21/2024,0.005326252,0.043204637
11/22/2024,11/22/2024,0.00346196,0.004991722
11/25/2024,11/25/2024,0.003015928,-0.061397399
11/26/2024,11/26/2024,0.005705697,-0.012069853
11/27/2024,11/27/2024,-0.003808481,0.042328813
11/29/2024,11/29/2024,0.00559212,0.015499853
12/2/2024,12/2/2024,0.002445464,-0.016513539
12/3/2024,12/3/2024,0.000451347,0.001426603
12/4/2024,12/4/2024,0.006033182,0.028408311
12/5/2024,12/5/2024,-0.001871526,-0.022266865
12/6/2024,12/6/2024,0.002492345,0.033864802
12/9/2024,12/9/2024,-0.006163167,-0.025214905
12/10/2024,12/10/2024,-0.002968284,-0.007802794
12/11/2024,12/11/2024,0.008132626,0.04547295
12/12/2024,12/12/2024,-0.005428731,-0.011232138
12/13/2024,12/13/2024,-2.65E-05,0.014057223
12/16/2024,12/16/2024,0.003792155,0.044062103
12/17/2024,12/17/2024,-0.003871479,0.001045225
12/18/2024,12/18/2024,-0.029936505,-0.059179155
12/19/2024,12/19/2024,-0.000865487,-0.025825905
12/20/2024,12/20/2024,0.010810479,0.002714274
12/23/2024,12/23/2024,0.00726085,-0.031905147
12/24/2024,12/24/2024,0.010982233,0.041273994
12/26/2024,12/26/2024,-0.000405741,-0.029626832
12/27/2024,12/27/2024,-0.011117305,-0.017168805
12/30/2024,12/30/2024,-0.010759674,-0.016291396
12/31/2024,12/31/2024,-0.004294006,0.00844829
1/2/2025,1/2/2025,-0.002226363,0.036340097
1/3/2025,1/3/2025,0.012517357,0.012519039
1/6/2025,1/6/2025,0.005522766,0.039674969
1/7/2025,1/7/2025,-0.011166022,-0.051824283
1/8/2025,1/8/2025,0.001559144,-0.019578858
1/10/2025,1/10/2025,-0.015531638,-0.003605584
1/13/2025,1/13/2025,0.001574204,-0.001954674
1/14/2025,1/14/2025,0.001145623,0.021121093
1/15/2025,1/15/2025,0.018147133,0.040306661
1/16/2025,1/16/2025,-0.002114924,-0.007466136
1/17/2025,1/17/2025,0.009941478,0.046087454
1/21/2025,1/21/2025,0.008730009,0.015994265
1/22/2025,1/22/2025,0.006119181,-0.023768547
1/23/2025,1/23/2025,0.005299419,0.002958403
1/24/2025,1/24/2025,-0.002859216,0.008231811
1/27/2025,1/27/2025,-0.014688059,-0.026407549
1/28/2025,1/28/2025,0.009175644,-0.007425168
1/29/2025,1/29/2025,-0.004689876,0.023126121
1/30/2025,1/30/2025,0.005261548,0.009903181
1/31/2025,1/31/2025,-0.005059604,-0.022500491
2/3/2025,2/3/2025,-0.007637691,-0.009809209
2/4/2025,2/4/2025,0.007198907,-0.035467893
2/5/2025,2/5/2025,0.003901054,-0.012920049
2/6/2025,2/6/2025,0.003637674,-0.00022927
2/7/2025,2/7/2025,-0.009509846,-0.000664977
2/10/2025,2/10/2025,0.006690112,0.009367336
2/11/2025,2/11/2025,0.000339525,-0.017497924
2/12/2025,2/12/2025,-0.002727583,0.022088316
2/13/2025,2/13/2025,0.010372313,-0.012976317
2/14/2025,2/14/2025,-7.19E-05,0.009118578
2/18/2025,2/18/2025,0.002442004,-0.020404096
2/19/2025,2/19/2025,0.002374149,0.011407035
2/20/2025,2/20/2025,-0.004343605,0.017421911
2/21/2025,2/21/2025,-0.017211397,-0.022714095
2/24/2025,2/24/2025,-0.004981494,-0.050210841
2/25/2025,2/25/2025,-0.004690715,-0.029776669
2/26/2025,2/26/2025,0.000136015,-0.050728086
2/27/2025,2/27/2025,-0.015991743,0.004225981
2/28/2025,2/28/2025,0.01572978,-0.003917963
3/3/2025,3/3/2025,-0.017753403,0.019863093
3/4/2025,3/4/2025,-0.012310288,0.013348201
3/5/2025,3/5/2025,0.011097473,0.038255419
3/6/2025,3/6/2025,-0.017979677,-0.007329932
3/7/2025,3/7/2025,0.005505435,-0.036438378
3/10/2025,3/10/2025,-0.027343542,-0.099439756
3/11/2025,3/11/2025,-0.007596647,0.053672934
3/12/2025,3/12/2025,0.004874968,0.01032696
3/13/2025,3/13/2025,-0.013988367,-0.032233768
3/14/2025,3/14/2025,0.021042906,0.035176581
3/17/2025,3/17/2025,0.006395635,0.001268542
3/18/2025,3/18/2025,-0.010710667,-0.016274158
3/19/2025,3/19/2025,0.010740608,0.048787879
3/20/2025,3/20/2025,-0.002187284,-0.031425916
3/21/2025,3/21/2025,0.000824314,-0.001473787
3/24/2025,3/24/2025,0.017492117,0.040294928
3/25/2025,3/25/2025,0.001573095,-0.000311034
3/26/2025,3/26/2025,-0.01121964,-0.006547157
3/27/2025,3/27/2025,-0.003312461,0.003173509
3/28/2025,3/28/2025,-0.019934601,-0.032929566
3/31/2025,3/31/2025,0.00552324,-0.021621119
4/1/2025,4/1/2025,0.003774105,0.031248521
4/2/2025,4/2/2025,0.006705661,-0.032014458
4/3/2025,4/3/2025,-0.049605912,0.007453656
4/4/2025,4/4/2025,-0.061609062,0.008876866
4/7/2025,4/7/2025,-0.002334195,-0.05653324
4/8/2025,4/8/2025,-0.015825083,-0.038117076
4/9/2025,4/9/2025,0.09089488,0.079389009
4/10/2025,4/10/2025,-0.035220607,-0.036351855
4/11/2025,4/11/2025,0.017930381,0.046363854
4/14/2025,4/14/2025,0.007913319,0.01354678
4/15/2025,4/15/2025,-0.001729275,-0.010384628
4/16/2025,4/16/2025,-0.022663254,0.004351453
4/17/2025,4/17/2025,0.001325959,0.010204135
4/21/2025,4/21/2025,-0.023849648,0.030430808
4/22/2025,4/22/2025,0.024806952,0.065484911
4/23/2025,4/23/2025,0.016523864,0.002748932
4/24/2025,4/24/2025,0.020056628,0.002608014
4/25/2025,4/25/2025,0.007346085,0.008233752
4/28/2025,4/28/2025,0.000640502,0.002722733
4/29/2025,4/29/2025,0.005785642,-0.007333309
4/30/2025,4/30/2025,0.001478897,-0.000822067
5/1/2025,5/1/2025,0.006279346,0.023965779
5/2/2025,5/2/2025,0.014619191,0.004319853
5/5/2025,5/5/2025,-0.006402047,-0.022562126
5/6/2025,5/6/2025,-0.007722985,0.021451266
5/7/2025,5/7/2025,0.004336938,0.002371544
5/8/2025,5/8/2025,0.005783021,0.062026404
5/9/2025,5/9/2025,-0.000711734,-0.002624572
5/12/2025,5/12/2025,0.032039977,-0.001534605
5/13/2025,5/13/2025,0.007222059,0.013111032
5/14/2025,5/14/2025,0.001023891,-0.006070028
5/15/2025,5/15/2025,0.004123817,0.001980149
5/16/2025,5/16/2025,0.006980849,-0.002464381
5/19/2025,5/19/2025,0.00087573,0.020248769
5/20/2025,5/20/2025,-0.003887777,0.011157569
5/21/2025,5/21/2025,-0.016266719,0.026675054
5/22/2025,5/22/2025,-0.00044497,0.018027964
5/23/2025,5/23/2025,-0.0067309,-0.040062562
5/27/2025,5/27/2025,0.020252581,0.015783798
5/28/2025,5/28/2025,-0.005586803,-0.010999457
5/29/2025,5/29/2025,0.004003171,-0.020245528
5/30/2025,5/30/2025,-8.12E-05,-0.015676575
6/2/2025,6/2/2025,0.004093651,0.017943687
6/3/2025,6/3/2025,0.005783534,-0.004250198
6/4/2025,6/4/2025,7.37E-05,-0.006666084
6/5/2025,6/5/2025,-0.005291358,-0.030597732
6/6/2025,6/6/2025,0.010228196,0.027330353
6/9/2025,6/9/2025,0.000919525,0.05501327
6/10/2025,6/10/2025,0.005468013,-0.000334318
6/11/2025,6/11/2025,-0.00274766,-0.014347389
6/12/2025,6/12/2025,0.003815133,-0.025699167
6/13/2025,6/13/2025,-0.011360669,0.001527347
6/16/2025,6/16/2025,0.009348823,0.006630647
6/17/2025,6/17/2025,-0.00838726,-0.020773336
6/18/2025,6/18/2025,-0.000309288,0.00269434
6/20/2025,6/20/2025,-0.002181035,-0.015118252
6/23/2025,6/23/2025,0.009560655,0.02171755
6/24/2025,6/24/2025,0.011060329,0.004421629
6/25/2025,6/25/2025,-3.29E-06,0.012329889
6/26/2025,6/26/2025,0.007988131,-0.003744456
6/27/2025,6/27/2025,0.005205399,0.001200006
6/30/2025,6/30/2025,0.005151138,0.000437918
7/1/2025,7/1/2025,-0.001119157,-0.013504225
7/2/2025,7/2/2025,0.004733874,0.029467777
7/3/2025,7/3/2025,0.008304378,0.007218612
7/7/2025,7/7/2025,-0.007893368,-0.012371238
7/8/2025,7/8/2025,-0.000716143,0.005987788
7/9/2025,7/9/2025,0.006043803,0.021576245
7/10/2025,7/10/2025,0.002742441,0.041012051
7/11/2025,7/11/2025,-0.003302972,0.01310307
7/14/2025,7/14/2025,0.001406424,0.019655546
7/15/2025,7/15/2025,-0.003964145,-0.017443886
7/16/2025,7/16/2025,0.003188569,0.008129064
7/17/2025,7/17/2025,0.00535938,0.004632532
7/18/2025,7/18/2025,-9.05E-05,-0.010844226
7/21/2025,7/21/2025,0.001398157,-0.004788328
7/22/2025,7/22/2025,0.000637328,0.021529886
7/23/2025,7/23/2025,0.007781532,-0.010391308
7/24/2025,7/24/2025,0.00069798,-0.003263803
7/25/2025,7/25/2025,0.003966451,-0.006204301
7/28/2025,7/28/2025,0.000176842,0.002450276
7/29/2025,7/29/2025,-0.00296383,-1.97E-05
7/30/2025,7/30/2025,-0.001250214,-0.000771662
7/31/2025,7/31/2025,-0.003701662,-0.017749426
8/1/2025,8/1/2025,-0.016121387,-0.021287126
8/4/2025,8/4/2025,0.014629564,0.015340568
8/5/2025,8/5/2025,-0.004869704,-0.008118573
8/6/2025,8/6/2025,0.007255522,0.007737149
8/7/2025,8/7/2025,-0.000797798,0.02123636
8/8/2025,8/8/2025,0.007769455,-0.006902004
8/11/2025,8/11/2025,-0.002507268,0.017354248
8/12/2025,8/12/2025,0.011281559,0.01206741
8/13/2025,8/13/2025,0.003224873,0.026046115
8/14/2025,8/14/2025,0.000303045,-0.041250443
8/15/2025,8/15/2025,-0.00290134,-0.008154397
8/18/2025,8/18/2025,-0.000100768,-0.009809929
8/19/2025,8/19/2025,-0.005875329,-0.02987022
8/20/2025,8/20/2025,-0.002434631,0.012712852
8/21/2025,8/21/2025,-0.00401222,-0.016372328
8/22/2025,8/22/2025,0.015072285,0.038863926
8/25/2025,8/25/2025,-0.004275513,-0.059486971
8/26/2025,8/26/2025,0.004125474,0.015125123
8/27/2025,8/27/2025,0.00238813,-0.005206553
8/28/2025,8/28/2025,0.003151747,0.01182264
8/29/2025,8/29/2025,-0.00641874,-0.03742336
9/2/2025,9/2/2025,-0.00694635,0.025407604
9/3/2025,9/3/2025,0.005087112,0.004688831
9/4/2025,9/4/2025,0.008311847,-0.008987462
9/5/2025,9/5/2025,-0.003170173,-0.000656057
9/8/2025,9/8/2025,0.002103764,0.01275547
9/9/2025,9/9/2025,0.002684547,-0.004837917
9/10/2025,9/10/2025,0.002979028,0.021508271
9/11/2025,9/11/2025,0.008450088,0.013529014
9/12/2025,9/12/2025,-0.000482878,0.00512968
9/15/2025,9/15/2025,0.004695578,-0.005672338
9/16/2025,9/16/2025,-0.00128876,0.012039615
9/17/2025,9/17/2025,-0.000970639,-0.003211841
9/18/2025,9/18/2025,0.004777688,0.005725007
9/19/2025,9/19/2025,0.004873524,-0.012441583
9/22/2025,9/22/2025,0.004400351,-0.025744597
9/23/2025,9/23/2025,-0.005517352,-0.006531417
9/24/2025,9/24/2025,-0.002850677,0.011663526
9/25/2025,9/25/2025,-0.005021649,-0.03849188
9/26/2025,9/26/2025,0.005884489,0.006066325
9/29/2025,9/29/2025,0.002632077,0.041838127
9/30/2025,9/30/2025,0.004082504,-0.003014116
10/1/2025,10/1/2025,0.003394154,0.039478653
10/2/2025,10/2/2025,0.000618164,0.016983875
10/3/2025,10/3/2025,6.55E-05,0.013050507
10/6/2025,10/6/2025,0.003639959,0.020128681
10/7/2025,10/7/2025,-0.003818688,-0.026817984
10/8/2025,10/8/2025,0.005810748,0.015551259
10/9/2025,10/9/2025,-0.002759374,-0.013460402
10/10/2025,10/10/2025,-0.027485975,-0.072321822
10/13/2025,10/13/2025,0.015478263,0.018003479
10/14/2025,10/14/2025,-0.001565551,-0.018849163
10/15/2025,10/15/2025,0.004017919,-0.020862578
10/16/2025,10/16/2025,-0.00631428,-0.023722485
10/17/2025,10/17/2025,0.005256874,-0.01600984
10/20/2025,10/20/2025,0.010615724,0.037977502
10/21/2025,10/21/2025,3.27E-05,-0.01928283
10/22/2025,10/22/2025,-0.005351835,-0.007293562
10/23/2025,10/23/2025,0.00581048,0.021870444
10/24/2025,10/24/2025,0.007871362,0.008721714
10/27/2025,10/27/2025,0.012215141,0.027408882
10/28/2025,10/28/2025,0.002285331,-0.010244824
10/29/2025,10/29/2025,-4.36E-05,-0.026016805
10/30/2025,10/30/2025,-0.009954191,-0.016026639
10/31/2025,10/31/2025,0.002614501,0.011480961
11/3/2025,11/3/2025,0.001719234,-0.027846216
11/4/2025,11/4/2025,-0.01180625,-0.047640858
11/5/2025,11/5/2025,0.003646898,0.022400061
11/6/2025,11/6/2025,-0.011241135,-0.025251182
11/7/2025,11/7/2025,0.001261046,0.020238926
11/10/2025,11/10/2025,0.015283627,0.025068897
11/11/2025,11/11/2025,0.0020732,-0.028702546
11/12/2025,11/12/2025,0.000629319,-0.013039147
11/13/2025,11/13/2025,-0.016695452,-0.019524743
11/14/2025,11/14/2025,-0.000501851,-0.054622871
11/17/2025,11/17/2025,-0.009204498,-0.024709215
11/18/2025,11/18/2025,-0.00829071,0.009241174
11/19/2025,11/19/2025,0.003746808,-0.016082378
11/20/2025,11/20/2025,-0.015689726,-0.054299143
11/21/2025,11/21/2025,0.009775103,-0.01795049
11/24/2025,11/24/2025,0.015348819,0.036689072
11/25/2025,11/25/2025,0.009020886,-0.010576477
11/26/2025,11/26/2025,0.006882969,0.035722588
11/28/2025,11/28/2025,0.005340487,0.004419139
12/1/2025,12/1/2025,-0.005337549,-0.051892409
12/2/2025,12/2/2025,0.002454221,0.056620994
12/3/2025,12/3/2025,0.002975361,0.023558262
12/4/2025,12/4/2025,0.001079739,-0.014931973
12/5/2025,12/5/2025,0.001934769,-0.03034306
12/8/2025,12/8/2025,-0.003483315,0.013914122
12/9/2025,12/9/2025,-0.000876743,0.022381193
12/10/2025,12/10/2025,0.006726881,-0.007262833
12/11/2025,12/11/2025,0.002077192,0.00531497
12/12/2025,12/12/2025,-0.010720913,-0.024521421
12/15/2025,12/15/2025,-0.001597839,-0.043593167
12/16/2025,12/16/2025,-0.002386764,0.016345737
12/17/2025,12/17/2025,-0.011659857,-0.019544833
12/18/2025,12/18/2025,0.007902952,-0.007939728
12/19/2025,12/19/2025,0.008779407,0.030433155
12/22/2025,12/22/2025,0.006415871,0.004378798
12/23/2025,12/23/2025,0.004540067,-0.012234275
12/24/2025,12/24/2025,0.003216304,0.002262076
12/26/2025,12/26/2025,-0.00030441,-0.00355069
12/29/2025,12/29/2025,-0.003498163,-0.001872157
12/30/2025,12/30/2025,-0.001376614,0.014718098
12/31/2025,12/31/2025,-0.007384867,-0.010473099
1/2/2026,1/2/2026,0.001892914,0.027455304
1/5/2026,1/5/2026,0.006334025,0.042849598
1/6/2026,1/6/2026,0.006177592,-0.00163661
1/7/2026,1/7/2026,-0.003445854,-0.026168967
1/8/2026,1/8/2026,7.65E-05,-0.003081467
1/9/2026,1/9/2026,0.006454611,-0.00566293
1/12/2026,1/12/2026,0.00157639,0.007483445
1/13/2026,1/13/2026,-0.001941006,0.044280285
1/14/2026,1/14/2026,-0.005347634,0.016723798
1/15/2026,1/15/2026,0.002576604,-0.014320038
1/16/2026,1/16/2026,-0.000642509,-0.000272879
1/20/2026,1/20/2026,-0.020842461,-0.078525607
1/21/2026,1/21/2026,0.011521118,0.011999328
1/22/2026,1/22/2026,0.005472501,0.000956078
1/23/2026,1/23/2026,0.000326816,0.000462901
1/26/2026,1/26/2026,0.004993594,-0.013914015
1/27/2026,1/27/2026,0.004073588,0.009420277
1/28/2026,1/28/2026,-8.17E-05,0.000919865
1/29/2026,1/29/2026,-0.001293467,-0.05322795
1/30/2026,1/30/2026,-0.004311179,-0.005132847
2/2/2026,2/2/2026,0.005376785,-0.066846853
2/3/2026,2/3/2026,-0.008439496,-0.039600469
2/4/2026,2/4/2026,-0.0050853,-0.035170616
2/5/2026,2/5/2026,-0.012326678,-0.152334408
2/6/2026,2/6/2026,0.019504344,0.118003181
2/9/2026,2/9/2026,0.004680118,-0.006178882
2/10/2026,2/10/2026,-0.003309182,-0.019103238
2/11/2026,2/11/2026,-4.90E-05,-0.026543221
2/12/2026,2/12/2026,-0.015784941,-0.011562368
2/13/2026,2/13/2026,0.000498965,0.039033769
2/17/2026,2/17/2026,0.001030791,-0.020002198
2/18/2026,2/18/2026,0.005550637,-0.015963632
2/19/2026,2/19/2026,-0.002826115,0.007980126
2/20/2026,2/20/2026,0.006915756,0.015528996
2/23/2026,2/23/2026,-0.010439959,-0.051113952
2/24/2026,2/24/2026,0.007622489,-0.00834051
2/25/2026,2/25/2026,0.008103434,0.058788163
2/26/2026,2/26/2026,-0.005380027,-0.007478611
2/27/2026,2/27/2026,-0.004348795,-0.023580345
3/2/2026,3/2/2026,0.000398275,0.042990509
3/3/2026,3/3/2026,-0.009488909,-0.007035921
3/4/2026,3/4/2026,0.007726126,0.062670111
3/5/2026,3/5/2026,-0.005662708,-0.026047184
3/6/2026,3/6/2026,-0.01336572,-0.038926762
3/9/2026,3/9/2026,0.008269872,0.003894729
3/10/2026,3/10/2026,-0.002137403,0.022043063
3/11/2026,3/11/2026,-0.000837952,0.003967141
3/12/2026,3/12/2026,-0.015344808,0.004102089
3/13/2026,3/13/2026,-0.006077546,0.006712861
3/16/2026,3/16/2026,0.01007991,0.053401395
3/17/2026,3/17/2026,0.002491149,-0.012617279
3/18/2026,3/18/2026,-0.013700999,-0.036884174
3/19/2026,3/19/2026,-0.002752583,-0.018884161
3/20/2026,3/20/2026,-0.015253934,0.008684432
3/23/2026,3/23/2026,0.011388109,0.005546967
3/24/2026,3/24/2026,-0.003749595,-0.005613992
3/25/2026,3/25/2026,0.005404494,0.011168924
3/26/2026,3/26/2026,-0.017559441,-0.035952919
3/27/2026,3/27/2026,-0.016863232,-0.03631347
3/30/2026,3/30/2026,-0.003953554,0.00530815
3/31/2026,3/31/2026,0.028714893,0.02285621
4/1/2026,4/1/2026,0.007142945,-0.002270644
4/2/2026,4/2/2026,0.001120248,-0.017634149
4/6/2026,4/6/2026,0.004417013,0.029044857
4/7/2026,4/7/2026,0.00075896,0.04376925
4/8/2026,4/8/2026,0.024772038,-0.011426387
4/9/2026,4/9/2026,0.006151067,0.009020474
4/10/2026,4/10/2026,-0.00113917,0.016736071
4/13/2026,4/13/2026,0.010121875,0.020420567
4/14/2026,4/14/2026,0.011713989,-0.004076671
4/15/2026,4/15/2026,0.007944145,0.008369505
4/16/2026,4/16/2026,0.002606556,0.004628724
4/17/2026,4/17/2026,0.011968554,0.025937297
4/20/2026,4/20/2026,-0.002377196,-0.016397184
4/21/2026,4/21/2026,-0.006368454,0.006309748
4/22/2026,4/22/2026,0.010405756,0.023944952
4/23/2026,4/23/2026,-0.004141432,0.000841704
4/24/2026,4/24/2026,0.007942068,-0.010449855
4/27/2026,4/27/2026,0.001231618,-0.001145671
4/28/2026,4/28/2026,-0.004906188,-0.013218654
4/29/2026,4/29/2026,-0.000399252,-0.007553459
4/30/2026,4/30/2026,0.010186184,0.006946187
5/1/2026,5/1/2026,0.00292405,0.02427151
5/4/2026,5/4/2026,-0.004070462,0.020872076
5/5/2026,5/5/2026,0.008087227,0.013675044
5/6/2026,5/6/2026,0.014482944,0.006165248
5/7/2026,5/7/2026,-0.003810345,-0.017561908
5/8/2026,5/8/2026,0.008390405,0.002206955
5/11/2026,5/11/2026,0.001878192,0.019041809
5/12/2026,5/12/2026,-0.001603894,-0.015422748
5/13/2026,5/13/2026,0.005832206,-0.015028018
5/14/2026,5/14/2026,0.007626449,0.022132144
5/15/2026,5/15/2026,-0.012440382,-0.024802775
5/18/2026,5/18/2026,-0.000735939,-0.027068821
5/19/2026,5/19/2026,-0.006700721,-0.00264488
5/20/2026,5/20/2026,0.010734208,0.009167735
5/21/2026,5/21/2026,0.001713861,0.001050323
5/22/2026,5/22/2026,0.003720045,-0.026806341
5/26/2026,5/26/2026,0.006089681,0.004460827
5/27/2026,5/27/2026,0.000164866,-0.019725311
5/28/2026,5/28/2026,0.005737227,-0.010929803
5/29/2026,5/29/2026,0.002169905,-0.0022331
